{
  "mean": [
    -463.8710021972656,
    100.51274871826172,
    -7.000148773193359,
    17.745929718017578,
    14.374908447265625,
    14.376558303833008,
    12.115334510803223,
    12.026458740234375,
    7.717895030975342,
    7.924893856048584,
    -0.34532293677330017,
    1.829581618309021,
    -3.076939105987549
  ],
  "std": [
    108.19042205810547,
    26.104982376098633,
    11.200035095214844,
    6.896303653717041,
    18.881546020507812,
    6.1223602294921875,
    4.506387233734131,
    6.7782368659973145,
    4.214202880859375,
    4.343937873840332,
    3.725822687149048,
    3.322481155395508,
    3.9240241050720215
  ],
  "min": [
    -758.5126953125,
    3.6478004455566406,
    -55.57536315917969,
    -10.42171573638916,
    -60.507713317871094,
    -8.425046920776367,
    3.528365135192871,
    -14.576434135437012,
    -2.829646110534668,
    -9.67039680480957,
    -7.903172969818115,
    -8.163238525390625,
    -12.98630142211914
  ],
  "max": [
    -167.72190856933594,
    172.0228271484375,
    19.83274269104004,
    27.73970603942871,
    30.47409439086914,
    29.508888244628906,
    31.293067932128906,
    23.536819458007812,
    20.156917572021484,
    17.370121002197266,
    9.826255798339844,
    9.940436363220215,
    6.418254852294922
  ]
}