{
  "question_id": 0,
  "text": "baby",
  "mfcc": [
    [
      -49.192726135253906,
      -7.35879373550415,
      -21.264278411865234,
      -38.19704818725586,
      -47.44660568237305,
      -76.3354721069336,
      -93.4793930053711,
      -99.2119369506836,
      -103.17384338378906,
      -166.40859985351562,
      -265.7839660644531,
      -132.54653930664062,
      -88.1123046875,
      -115.83181762695312,
      -138.93072509765625,
      -160.8994903564453,
      -179.80401611328125,
      -200.74948120117188,
      -231.34434509277344,
      -253.35850524902344,
      -249.53298950195312,
      -253.7715301513672,
      -297.5108947753906,
      -356.2962951660156,
      -443.2577209472656
    ],
    [
      93.66727447509766,
      90.18081665039062,
      66.80592346191406,
      57.61347198486328,
      61.507568359375,
      53.27892303466797,
      49.128047943115234,
      46.66130447387695,
      75.52667236328125,
      106.24520111083984,
      108.05575561523438,
      72.94001770019531,
      84.48420715332031,
      87.16712188720703,
      76.6171875,
      77.22685241699219,
      78.0896987915039,
      82.73773193359375,
      71.42254638671875,
      43.02520751953125,
      32.41841125488281,
      31.12576675415039,
      47.35991668701172,
      75.56905364990234,
      60.415611267089844
    ],
    [
      0.686564564704895,
      -8.774791717529297,
      -17.49116325378418,
      -16.474096298217773,
      -11.673784255981445,
      1.927672266960144,
      4.342800140380859,
      12.92609977722168,
      20.60248565673828,
      24.13095474243164,
      16.85284423828125,
      -6.546431541442871,
      -2.682191848754883,
      8.13772964477539,
      15.555388450622559,
      21.73089599609375,
      25.24313735961914,
      24.972692489624023,
      36.14698028564453,
      37.04173278808594,
      14.652482986450195,
      6.099705219268799,
      -0.5959013104438782,
      -11.647298812866211,
      3.966038703918457
    ],
    [
      44.02388000488281,
      50.717140197753906,
      47.817527770996094,
      46.58341979980469,
      45.38761901855469,
      52.45208740234375,
      56.83124542236328,
      68.44166564941406,
      69.98603820800781,
      64.59246826171875,
      59.907012939453125,
      58.02581787109375,
      61.60096740722656,
      69.75981140136719,
      68.83150482177734,
      71.10972595214844,
      75.66310119628906,
      82.93958282470703,
      93.35863494873047,
      99.12632751464844,
      77.89678955078125,
      57.230674743652344,
      54.490325927734375,
      49.54949188232422,
      27.427997589111328
    ],
    [
      26.083881378173828,
      26.184329986572266,
      23.447288513183594,
      21.064573287963867,
      20.055038452148438,
      25.68069076538086,
      26.674196243286133,
      28.677326202392578,
      30.185508728027344,
      30.3238525390625,
      29.700511932373047,
      41.50981521606445,
      41.089393615722656,
      30.13620948791504,
      21.703466415405273,
      24.413394927978516,
      27.4534854888916,
      27.193527221679688,
      19.497264862060547,
      15.853202819824219,
      11.830195426940918,
      0.0921328067779541,
      -4.660489559173584,
      -5.718817234039307,
      -3.037109375
    ],
    [
      -9.180091857910156,
      -20.958219528198242,
      -27.28673553466797,
      -25.91582679748535,
      -33.7489013671875,
      -42.78805160522461,
      -40.27445983886719,
      -38.427085876464844,
      -30.8658504486084,
      -23.395706176757812,
      11.77816390991211,
      14.364591598510742,
      1.4046483039855957,
      -25.483591079711914,
      -26.395627975463867,
      -23.36309051513672,
      -27.575180053710938,
      -29.672569274902344,
      -21.940956115722656,
      -11.06364631652832,
      -5.468331336975098,
      -7.681417465209961,
      -15.86795425415039,
      -31.051551818847656,
      -33.61469268798828
    ],
    [
      -23.69467544555664,
      -20.343338012695312,
      -17.868518829345703,
      -8.383759498596191,
      -6.027978897094727,
      -3.9114508628845215,
      6.281815052032471,
      8.76340103149414,
      10.250081062316895,
      11.03204345703125,
      5.690670013427734,
      0.4039565920829773,
      11.475410461425781,
      22.815839767456055,
      24.969478607177734,
      30.574148178100586,
      35.33781433105469,
      38.32574462890625,
      41.807167053222656,
      36.576377868652344,
      12.654300689697266,
      -12.256562232971191,
      -15.692262649536133,
      -4.516469955444336,
      -3.9304561614990234
    ],
    [
      -8.404489517211914,
      -9.890268325805664,
      -10.812442779541016,
      -7.3509955406188965,
      -2.3144636154174805,
      0.24364471435546875,
      -0.7903828620910645,
      -4.0596818923950195,
      -4.004120826721191,
      -3.1271862983703613,
      -19.252384185791016,
      -27.051006317138672,
      -17.307287216186523,
      1.666459083557129,
      4.639726638793945,
      6.710389614105225,
      4.423396587371826,
      0.2299397736787796,
      -3.2528438568115234,
      2.4235620498657227,
      8.947091102600098,
      4.05759334564209,
      1.6835696697235107,
      1.9078924655914307,
      13.503471374511719
    ],
    [
      -14.186840057373047,
      -16.19178009033203,
      -24.25400161743164,
      -26.552474975585938,
      -25.43474578857422,
      -29.641372680664062,
      -33.981937408447266,
      -35.54380798339844,
      -34.2310791015625,
      -32.7410774230957,
      -25.452228546142578,
      -18.716041564941406,
      -16.357542037963867,
      -27.6187686920166,
      -34.589454650878906,
      -38.50798034667969,
      -34.99003601074219,
      -32.493568420410156,
      -30.37527847290039,
      -24.38648223876953,
      -19.643482208251953,
      -10.946136474609375,
      -9.860335350036621,
      1.5901949405670166,
      8.988020896911621
    ],
    [
      -19.729389190673828,
      -23.780977249145508,
      -19.3043270111084,
      -15.475713729858398,
      -18.269947052001953,
      -18.63613510131836,
      -12.319533348083496,
      -11.494434356689453,
      -12.243572235107422,
      -8.858245849609375,
      -4.1722235679626465,
      4.584716796875,
      -7.086226463317871,
      -13.906665802001953,
      -10.145153045654297,
      -9.803289413452148,
      -9.343476295471191,
      -10.854658126831055,
      -10.739489555358887,
      -8.541362762451172,
      -10.908535957336426,
      -12.138994216918945,
      -10.384182929992676,
      -0.8255579471588135,
      0.7934874296188354
    ],
    [
      -20.162626266479492,
      -14.774883270263672,
      -5.647575378417969,
      -7.723394393920898,
      -13.20398235321045,
      -17.15485954284668,
      -14.105108261108398,
      -15.768580436706543,
      -20.44288444519043,
      -28.52713394165039,
      -14.813597679138184,
      -7.579696178436279,
      -13.428964614868164,
      -23.168258666992188,
      -22.372901916503906,
      -22.073619842529297,
      -26.406728744506836,
      -22.354808807373047,
      -14.550285339355469,
      -9.877187728881836,
      -3.6082050800323486,
      -0.8017295002937317,
      -1.8153374195098877,
      -10.73763656616211,
      -5.720695495605469
    ],
    [
      1.0830588340759277,
      8.612613677978516,
      13.77619457244873,
      4.189496994018555,
      -1.487378478050232,
      -2.561954975128174,
      -6.14699649810791,
      -13.850961685180664,
      -18.20181655883789,
      -11.642793655395508,
      -4.58729362487793,
      -1.233767032623291,
      -11.32929801940918,
      -20.07095718383789,
      -18.822006225585938,
      -17.404993057250977,
      -13.222370147705078,
      -14.763011932373047,
      -18.381986618041992,
      -12.548412322998047,
      -0.31338366866111755,
      6.444601058959961,
      7.59776496887207,
      8.378660202026367,
      -1.99247407913208
    ],
    [
      -4.103643417358398,
