{
  "question_id": 0,
  "text": "backpack",
  "mfcc": [
    [
      -87.17706298828125,
      19.064239501953125,
      28.67424964904785,
      12.423805236816406,
      18.143739700317383,
      16.822370529174805,
      15.293485641479492,
      -11.404977798461914,
      -95.98130798339844,
      -214.20965576171875,
      -269.2998352050781,
      -297.2371826171875,
      -335.767333984375,
      -203.16497802734375,
      -68.76983642578125,
      -27.0037784576416,
      -24.205265045166016,
      -28.18220329284668,
      -34.94765090942383,
      -44.488059997558594,
      -56.96914291381836,
      -66.04820251464844,
      -80.0149917602539,
      -98.85069274902344,
      -143.3937530517578,
      -248.2325897216797,
      -335.8542175292969,
      -185.02662658691406,
      -86.03019714355469,
      -104.5897216796875,
      -198.59136962890625,
      -270.2109375,
      -376.41455078125
    ],
    [
      86.75453186035156,
      109.90009307861328,
      116.65634155273438,
      97.01850891113281,
      101.26998138427734,
      93.45890808105469,
      108.25331115722656,
      125.08541870117188,
      114.43131256103516,
      99.56158447265625,
      116.22845458984375,
      130.59275817871094,
      120.91633605957031,
      64.97288513183594,
      66.85665893554688,
      79.78430938720703,
      87.96281433105469,
      122.99827575683594,
      150.98318481445312,
      149.38458251953125,
      151.17715454101562,
      153.03048706054688,
      139.32667541503906,
      131.65370178222656,
      127.85081481933594,
      111.01634216308594,
      108.67303466796875,
      62.15672302246094,
      55.64855194091797,
      51.42418670654297,
      49.05705261230469,
      63.399330139160156,
      78.59880828857422
    ],
    [
      1.9502613544464111,
      -7.3946685791015625,
      -25.105396270751953,
      -50.53090286254883,
      -60.22197341918945,
      -60.02783203125,
      -56.63240051269531,
      -38.33427429199219,
      -3.9177205562591553,
      -0.27252036333084106,
      7.358360290527344,
      16.714147567749023,
      13.153766632080078,
      11.000295639038086,
      -17.027013778686523,
      -34.86227035522461,
      -48.40179443359375,
      -43.52399826049805,
      -46.8955078125,
      -50.617401123046875,
      -45.14857482910156,
      -39.5344123840332,
      -34.298641204833984,
      -32.561927795410156,
      -22.42038345336914,
      -2.8133277893066406,
      17.38896942138672,
      -34.856136322021484,
      -35.132835388183594,
      -28.303443908691406,
      -9.809768676757812,
      -13.057027816772461,
      -5.049222469329834
    ],
    [
      36.17854690551758,
      29.081989288330078,
      22.82962989807129,
      10.895416259765625,
      3.8033576011657715,
      5.877413749694824,
      8.424388885498047,
      12.426826477050781,
      21.18321990966797,
      23.092666625976562,
      18.83523178100586,
      26.76423454284668,
      22.0784912109375,
      15.12238883972168,
      14.326044082641602,
      14.217710494995117,
      4.217041015625,
      4.121102809906006,
      2.507370710372925,
      -5.873843193054199,
      -8.268747329711914,
      -6.940684795379639,
      -0.24274230003356934,
      5.751193046569824,
      19.08944320678711,
      37.72991180419922,
      27.05750274658203,
      27.889087677001953,
      23.912353515625,
      20.15676498413086,
      21.580078125,
      29.833820343017578,
      37.66016387939453
    ],
    [
      3.26995587348938,
      0.22801753878593445,
      -0.2691047489643097,
      -5.564092636108398,
      -5.5926194190979,
      2.1018495559692383,
      9.958545684814453,
      16.983844757080078,
      4.185925483703613,
      -3.6428918838500977,
      10.424495697021484,
      13.407394409179688,
      11.83144760131836,
      -9.44150447845459,
      -0.5044546127319336,
      -1.8395237922668457,
      0.23879677057266235,
      10.316818237304688,
      15.508769989013672,
      20.361196517944336,
      29.027408599853516,
      36.669166564941406,
      38.71415328979492,
      40.42692184448242,
      39.81551742553711,
      29.734668731689453,
      16.384693145751953,
      8.836664199829102,
      8.59936809539795,
      8.970248222351074,
      3.8222858905792236,
      6.233780384063721,
      8.942279815673828
    ],
    [
      -16.376245498657227,
      -20.479690551757812,
      -22.442333221435547,
      -18.026832580566406,
      -8.102790832519531,
      3.2411253452301025,
      -0.14738476276397705,
      -7.9166083335876465,
      6.691460609436035,
      19.42151641845703,
      0.016243547201156616,
      1.0205656290054321,
      -0.7408608794212341,
      0.03660100698471069,
      -5.455117702484131,
      -5.447742462158203,
      -4.749075412750244,
      -9.263723373413086,
      -11.240100860595703,
      -7.227474212646484,
      -5.352036476135254,
      -14.790719985961914,
      -26.363128662109375,
      -27.641281127929688,
      -22.971660614013672,
      -2.6370396614074707,
      6.822895050048828,
      -6.743436813354492,
      -9.825617790222168,
      -11.180134773254395,
      -10.348556518554688,
      -8.934799194335938,
      -13.196443557739258
    ],
    [
      -12.896848678588867,
      -14.516782760620117,
      -13.151700973510742,
      -6.195639133453369,
      -1.5687599182128906,
      1.5815327167510986,
      0.6319108605384827,
      -2.5215511322021484,
      -14.771889686584473,
      -24.912132263183594,
      -9.902241706848145,
      -9.612869262695312,
      -9.402507781982422,
      16.857784271240234,
      4.151867389678955,
      -5.473184108734131,
      -1.9113171100616455,
      13.590636253356934,
      22.140438079833984,
      18.254329681396484,
      20.417444229125977,
      24.89016342163086,
      25.645145416259766,
      24.449548721313477,
      6.9667582511901855,
      -10.924727439880371,
      -10.576166152954102,
      -14.257277488708496,
      -14.121026039123535,
      -11.034151077270508,
      -10.008523941040039,
      -18.017715454101562,
      -19.853099822998047
    ],
    [
      -16.94774627685547,
      -16.462282180786133,
      -11.165773391723633,
      1.853226900100708,
      3.2709434032440186,
      -3.6001081466674805,
      -9.519759178161621,
      -11.483663558959961,
      -1.5332452058792114,
      -2.1549882888793945,
      -6.9135823249816895,
      -8.50997257232666,
      -3.2205703258514404,
      -9.140411376953125,
      5.675656795501709,
      18.28221893310547,
      16.91539764404297,
      3.0972180366516113,
      -10.916152954101562,
      -11.27707290649414,
      -9.766759872436523,
      -13.376897811889648,
      -12.30196762084961,
      -5.452083110809326,
      -0.0007285177707672119,
      8.601480484008789,
      1.3204683065414429,
      -4.108250617980957,
      -5.190786361694336,
      -4.403677463531494,
      -4.778005599975586,
      -3.291408061981201,
      -5.36888313293457
    ],
    [
      -1.5432883501052856,
      3.380642890930176,
      6.0190887451171875,
      7.8773579597473145,
      6.691504955291748,
      2.1305694580078125,
      6.910488128662109,
      10.196510314941406,
      15.200115203857422,
      12.950464248657227,
      3.0540566444396973,
      -2.826596260070801,
      -4.029967308044434,
      -2.729825019836426,
      14.23967170715332,
      22.025146484375,
      13.428825378417969,
      6.892856597900391,
      3.973270893096924,
      -0.1915169507265091,
      2.9107465744018555,
      5.911368370056152,
      10.626447677612305,
      20.208816528320312,
      27.6810302734375,
      24.021759033203125,
      0.442399263381958,
      -11.631269454956055,
      -10.69064712524414,
      -6.478891372680664,
      -2.2964046001434326,
      -0.8898460865020752,
      9.732715606689453
    ],
    [
      7.754898548126221,
      16.93283462524414,
      19.723560333251953,
      11.576187133789062,
      9.716590881347656,
