{
  "question_id": 0,
  "text": "bag",
  "mfcc": [
    [
      -99.89395904541016,
      0.7293484807014465,
      17.98827362060547,
      7.864716529846191,
      17.1390323638916,
      12.755915641784668,
      -3.1124799251556396,
      2.258653163909912,
      1.109662413597107,
      5.462575912475586,
      2.8444650173187256,
      -7.479127407073975,
      -14.022553443908691,
      -24.19049644470215,
      -39.88627624511719,
      -67.73772430419922,
      -132.81387329101562,
      -235.5392608642578,
      -273.0158386230469,
      -150.02381896972656,
      -113.64891815185547,
      -166.32237243652344,
      -270.67864990234375,
      -313.26654052734375,
      -349.2389831542969
    ],
    [
      108.56503295898438,
      118.48255920410156,
      117.51846313476562,
      97.07215118408203,
      85.63621520996094,
      80.93769836425781,
      73.55494689941406,
      77.22312927246094,
      78.6974868774414,
      86.77943420410156,
      92.01066589355469,
      90.7339096069336,
      95.80438995361328,
      103.27174377441406,
      106.7186279296875,
      115.23390197753906,
      126.91949462890625,
      136.74725341796875,
      109.85792541503906,
      54.875762939453125,
      44.41484069824219,
      44.1927490234375,
      60.94692611694336,
      78.21810913085938,
      80.29844665527344
    ],
    [
      9.882772445678711,
      -9.955109596252441,
      -33.20093536376953,
      -49.286991119384766,
      -49.95653533935547,
      -45.763221740722656,
      -42.604881286621094,
      -44.05703353881836,
      -43.72576904296875,
      -42.81108856201172,
      -41.42638397216797,
      -37.41564178466797,
      -36.91051483154297,
      -37.27246856689453,
      -38.03713607788086,
      -32.65679931640625,
      -15.381486892700195,
      17.983753204345703,
      33.898712158203125,
      -16.76325035095215,
      -25.473915100097656,
      -17.750974655151367,
      -6.131340026855469,
      -16.143754959106445,
      -6.273290634155273
    ],
    [
      31.47072982788086,
      18.07662010192871,
      1.774763822555542,
      -9.433696746826172,
      -8.88620662689209,
      -1.4263644218444824,
      8.489631652832031,
      4.7791428565979,
      3.994858741760254,
      4.47740364074707,
      1.6443394422531128,
      0.6870259046554565,
      3.1331212520599365,
      10.061080932617188,
      17.928340911865234,
      29.316076278686523,
      41.915855407714844,
      54.550594329833984,
      49.334144592285156,
      47.32770538330078,
      40.24330139160156,
      37.9220085144043,
      41.49024200439453,
      37.457618713378906,
      36.54328918457031
    ],
    [
      -2.9291439056396484,
      -0.36925387382507324,
      -4.763406753540039,
      -4.830926895141602,
      -0.17815552651882172,
      4.047023296356201,
      7.628713607788086,
      8.197980880737305,
      7.642422676086426,
      6.22481107711792,
      3.3145275115966797,
      5.806232452392578,
      9.337121963500977,
      14.258957862854004,
      19.378583908081055,
      29.554548263549805,
      46.57475280761719,
      41.95702362060547,
      28.198898315429688,
      23.753280639648438,
      13.431219100952148,
      8.661972045898438,
      4.681920528411865,
      2.0097334384918213,
      6.899345397949219
    ],
    [
      -31.760700225830078,
      -28.17315673828125,
      -17.572507858276367,
      -8.167572975158691,
      -4.399677276611328,
      -8.033454895019531,
      -7.74923038482666,
      -4.6196675300598145,
      -8.415372848510742,
      -14.245382308959961,
      -11.807483673095703,
      -9.903457641601562,
      -16.36011505126953,
      -25.976463317871094,
      -34.445152282714844,
      -46.05035400390625,
      -48.576560974121094,
      -31.72722816467285,
      -14.00135612487793,
      -5.4475908279418945,
      -14.38926887512207,
      -21.758438110351562,
      -23.848773956298828,
      -19.92766571044922,
      -12.068516731262207
    ],
    [
      -19.96998405456543,
      -18.17320442199707,
      -9.194894790649414,
      -1.29823899269104,
      -6.994655609130859,
      -13.129312515258789,
      -8.696769714355469,
      -2.831129789352417,
      -1.943926453590393,
      4.533432960510254,
      2.0470545291900635,
      -5.509018898010254,
      -8.891160011291504,
      -8.356867790222168,
      -9.963916778564453,
      -4.038284778594971,
      4.905826568603516,
      -4.973935127258301,
      -10.3388671875,
      -1.0151031017303467,
      -5.704568862915039,
      -10.557096481323242,
      -16.6737117767334,
      -19.81247329711914,
      -13.913116455078125
    ],
    [
      -31.04348373413086,
      -19.87064552307129,
      -12.431853294372559,
      -5.392148494720459,
      7.187600135803223,
      12.38194465637207,
      10.027130126953125,
      12.155887603759766,
      13.613081932067871,
      12.30056381225586,
      14.971118927001953,
      17.341833114624023,
      14.5770845413208,
      6.46574068069458,
      -2.811429738998413,
      -17.449050903320312,
      -18.472997665405273,
      -2.608428478240967,
      6.334705829620361,
      5.744653224945068,
      -1.313705563545227,
      -3.5810623168945312,
      11.097579956054688,
      5.829056739807129,
      6.359026908874512
    ],
    [
      -1.0593184232711792,
      9.388936996459961,
      16.269855499267578,
      17.5579833984375,
      16.554533004760742,
      15.990766525268555,
      14.306009292602539,
      12.432823181152344,
      16.479087829589844,
      24.374919891357422,
      20.81888198852539,
      21.21562957763672,
      18.413455963134766,
      16.90821075439453,
      12.331365585327148,
      6.022138595581055,
      1.7977814674377441,
      1.2793452739715576,
      -8.070272445678711,
      -11.494989395141602,
      -14.160789489746094,
      -14.803264617919922,
      -2.5390028953552246,
      -1.6316616535186768,
      -1.8119064569473267
    ],
    [
      9.352289199829102,
      17.173274993896484,
      21.368297576904297,
      19.10275650024414,
      5.815173149108887,
      -0.08623731136322021,
      0.15823811292648315,
      -1.2595716714859009,
      0.13747164607048035,
      -4.271345615386963,
      0.3342674970626831,
      6.594025611877441,
      7.223586082458496,
      8.129657745361328,
      4.15315055847168,
      -3.5968821048736572,
      -8.377534866333008,
      -8.585245132446289,
      -8.392993927001953,
      -9.084199905395508,
      -9.633564949035645,
      -8.986753463745117,
      -7.214954853057861,
      -6.383664131164551,
      -4.258501052856445
    ],
    [
      -6.023292064666748,
      -3.7342495918273926,
      -1.0549218654632568,
      -0.7114621996879578,
      -9.87154769897461,
      -12.8326416015625,
      -11.283535957336426,
      -11.805002212524414,
      -14.915948867797852,
      -15.528040885925293,
      -15.407173156738281,
      -13.975563049316406,
      -9.687808990478516,
      -8.434526443481445,
      -6.789835453033447,
      -10.806034088134766,
      -14.905656814575195,
      -21.302536010742188,
      -12.414674758911133,
      -10.726249694824219,
      -10.221750259399414,
      -9.897245407104492,
      -11.13247013092041,
      -9.959794998168945,
      -9.114166259765625
    ],
    [
      -13.598978042602539,
      -9.789992332458496,
      -9.027168273925781,
      -11.082784652709961,
      -13.780706405639648,
      -17.750160217285156,
      -19.04952621459961,
      -16.01571273803711,
      -16.682109832763672,
      -14.315946578979492,
      -12.455438613891602,
      -14.244678497314453,
      -12.34334945678711,
      -1.9587668180465698,
      8.32647705078125,
      15.000420570373535,
      20.109752655029297,
      10.554633140563965,
      1.5166797637939453,
      0.3962218463420868,
      0.1093340814113617,
      1.4391865730285645,
      1.4682471752166748,
      -0.007671922445297241,
      8.09467601776123
    ],
    [
