{
  "question_id": 0,
  "text": "beach",
  "mfcc": [
    [
      -93.52458953857422,
      -56.84351348876953,
      -87.47113037109375,
      -104.25982666015625,
      -122.16512298583984,
      -132.26292419433594,
      -150.26551818847656,
      -171.89524841308594,
      -186.10369873046875,
      -238.54563903808594,
      -317.62567138671875,
      -206.8411865234375,
      -85.78026580810547,
      -48.938724517822266,
      -62.10337448120117,
      -57.601417541503906,
      -55.89165496826172,
      -56.98806381225586,
      -54.814430236816406,
      -55.253990173339844,
      -61.148319244384766,
      -81.71437072753906,
      -123.2420654296875,
      -210.20608520507812,
      -283.4879150390625
    ],
    [
      87.7357177734375,
      86.43145751953125,
      68.97465515136719,
      59.432029724121094,
      49.737091064453125,
      45.851951599121094,
      45.073402404785156,
      47.561195373535156,
      48.59892272949219,
      58.439109802246094,
      73.57499694824219,
      48.39609146118164,
      -4.619295120239258,
      -49.200157165527344,
      -89.49488830566406,
      -82.35356140136719,
      -76.86695861816406,
      -73.53431701660156,
      -74.66728210449219,
      -71.46287536621094,
      -59.92490005493164,
      -36.53436279296875,
      -5.463065147399902,
      25.030071258544922,
      52.681434631347656
    ],
    [
      11.669294357299805,
      18.220741271972656,
      26.159879684448242,
      33.05506896972656,
      38.24388122558594,
      46.354061126708984,
      58.25790023803711,
      57.3477668762207,
      42.428916931152344,
      33.85454559326172,
      41.50307083129883,
      -21.686288833618164,
      -27.36878204345703,
      -28.806987762451172,
      -37.87151336669922,
      -37.841651916503906,
      -44.23417282104492,
      -53.382781982421875,
      -58.273101806640625,
      -57.518341064453125,
      -51.96232604980469,
      -43.849327087402344,
      -38.839683532714844,
      -38.567405700683594,
      -20.985260009765625
    ],
    [
      56.26239776611328,
      62.574195861816406,
      63.29262924194336,
      73.49935150146484,
      88.84523010253906,
      93.29798889160156,
      95.112548828125,
      94.6677017211914,
      100.34867858886719,
      93.85548400878906,
      47.51155471801758,
      50.28826141357422,
      43.793006896972656,
      57.815940856933594,
      76.21076202392578,
      82.52622985839844,
      89.13458251953125,
      81.01728820800781,
      70.17228698730469,
      66.48745727539062,
      68.3395004272461,
      68.41390991210938,
      68.26690673828125,
      61.096641540527344,
      46.31935119628906
    ],
    [
      29.149993896484375,
      23.092758178710938,
      10.413052558898926,
      8.588865280151367,
      10.044981002807617,
      11.862188339233398,
      15.12562370300293,
      20.167251586914062,
      26.53154945373535,
      18.691650390625,
      18.156503677368164,
      9.915543556213379,
      -15.578779220581055,
      -21.074504852294922,
      -11.393589973449707,
      -6.701988697052002,
      2.9016780853271484,
      3.5938549041748047,
      4.124134540557861,
      8.183542251586914,
      6.530695915222168,
      8.383440971374512,
      12.230840682983398,
      10.52810287475586,
      3.4574930667877197
    ],
    [
      4.876246452331543,
      -3.4265356063842773,
      -9.176709175109863,
      -6.292588233947754,
      -11.075820922851562,
      -13.686622619628906,
      -18.055496215820312,
      -24.34359359741211,
      -17.720842361450195,
      -4.690518379211426,
      1.9058573246002197,
      -23.736228942871094,
      -20.357566833496094,
      -16.066661834716797,
      -11.450838088989258,
      -9.574800491333008,
      -7.995744228363037,
      -15.006694793701172,
      -17.408245086669922,
      -20.1467342376709,
      -25.72051239013672,
      -20.469341278076172,
      -12.754688262939453,
      -14.01765251159668,
      -6.6133575439453125
    ],
    [
      4.706606864929199,
      10.003416061401367,
      13.309611320495605,
      12.831443786621094,
      15.006019592285156,
      17.611454010009766,
      24.913341522216797,
      30.216703414916992,
      28.445697784423828,
      23.623371124267578,
      22.336261749267578,
      22.001941680908203,
      7.645420551300049,
      6.095231533050537,
      6.95466947555542,
      6.185635566711426,
      1.9887866973876953,
      -1.8177770376205444,
      -2.8701534271240234,
      -7.330304145812988,
      -13.247955322265625,
      -17.609106063842773,
      -17.166128158569336,
      -17.053165435791016,
      -13.809245109558105
    ],
    [
      -2.8015103340148926,
      1.9135617017745972,
      9.575794219970703,
      1.5784993171691895,
      -1.9045207500457764,
      0.24120178818702698,
      1.6465582847595215,
      -3.2294132709503174,
      -13.556228637695312,
      -11.723783493041992,
      -12.228362083435059,
      -17.471216201782227,
      -16.971393585205078,
      -9.827617645263672,
      -4.061034679412842,
      -4.876156330108643,
      -2.709210157394409,
      3.7529916763305664,
      5.332270622253418,
      7.097794055938721,
      -0.1172558069229126,
      -6.549840927124023,
      -3.726210594177246,
      -2.119168758392334,
      8.23505973815918
    ],
    [
      -18.146808624267578,
      -17.55532455444336,
      -26.09978485107422,
      -43.34796142578125,
      -48.4680290222168,
      -43.08790969848633,
      -37.724098205566406,
      -37.59255599975586,
      -29.37253761291504,
      -12.745109558105469,
      -3.700957775115967,
      -19.45832633972168,
      -27.25914764404297,
      -23.590301513671875,
      -14.555676460266113,
      -14.057272911071777,
      -13.288311004638672,
      -14.160404205322266,
      -10.670488357543945,
      -6.826613426208496,
      -10.347606658935547,
      -13.538175582885742,
      -12.748819351196289,
      -3.3205487728118896,
      -2.525031328201294
    ],
    [
      -5.573521614074707,
      -5.2549848556518555,
      -11.619847297668457,
      -19.61944580078125,
      -17.135499954223633,
      -11.432523727416992,
      -6.79593563079834,
      -5.096235275268555,
      -10.847061157226562,
      -9.595672607421875,
      -7.126108646392822,
      -11.053058624267578,
      -10.485662460327148,
      -5.8041510581970215,
      -3.29461669921875,
      -0.2785688638687134,
      -1.7721762657165527,
      -7.100919723510742,
      -2.520907402038574,
      0.9633511304855347,
      -1.0439364910125732,
      0.7460348606109619,
      2.383946180343628,
      3.874756336212158,
      1.8735718727111816
    ],
    [
      -27.15148162841797,
      -28.697601318359375,
      -22.74561309814453,
      -30.5478515625,
      -36.55834197998047,
      -31.93710708618164,
      -30.98843765258789,
      -29.043991088867188,
      -23.608783721923828,
      -19.544544219970703,
      -11.733442306518555,
      -4.095223426818848,
      -0.8880524635314941,
      0.4659779965877533,
      -6.181058406829834,
      -10.524642944335938,
      -2.778214693069458,
      0.8555388450622559,
      -1.110905408859253,
      -3.9702024459838867,
      -3.1644413471221924,
      -2.5800118446350098,
      -3.410691738128662,
      -2.116244077682495,
      2.4530580043792725
    ],
    [
      -7.1327362060546875,
      -5.0489044189453125,
      -2.7564949989318848,
      -3.7569241523742676,
      -8.23163890838623,
      -15.428461074829102,
      -18.663171768188477,
      -10.274046897888184,
      -1.4544707536697388,
      -1.7065224647521973,
      -10.063886642456055,
      -7.327546119689941,
      -6.579482078552246,
      -2.2820096015930176,
      -7.763909339904785,
      -12.88109016418457,
      -6.564080238342285,
      -0.13505977392196655,
      -0.3454045355319977,
      0.6809518933296204,
      -0.04139149188995361,
      -3.318359375,
      -2.6121530532836914,
      -6.624312400817871,
