{
  "question_id": 0,
  "text": "bed",
  "mfcc": [
    [
      -67.38399505615234,
      -1.3976337909698486,
      -7.4206647872924805,
      -17.481416702270508,
      -16.830211639404297,
      -8.455370903015137,
      1.0090371370315552,
      -0.17929691076278687,
      -8.208547592163086,
      -19.972036361694336,
      -42.46843338012695,
      -99.7442626953125,
      -226.0100860595703,
      -301.23260498046875,
      -197.89187622070312,
      -114.14010620117188,
      -143.95399475097656,
      -268.2688903808594,
      -313.9785461425781,
      -386.8838195800781
    ],
    [
      89.64878845214844,
      96.7200927734375,
      87.4377212524414,
      65.6838150024414,
      62.09165954589844,
      73.79345703125,
      87.83680725097656,
      92.94549560546875,
      99.6883544921875,
      100.21493530273438,
      91.5067138671875,
      95.32279968261719,
      121.7586669921875,
      140.71261596679688,
      108.84867095947266,
      81.66213989257812,
      72.03812408447266,
      71.54446411132812,
      80.67979431152344,
      86.26502227783203
    ],
    [
      5.640746116638184,
      3.948502779006958,
      -4.40729284286499,
      -10.775346755981445,
      -9.293179512023926,
      -8.010618209838867,
      -4.545531272888184,
      -4.152813911437988,
      -7.055408954620361,
      0.4669603109359741,
      14.928149223327637,
      25.668216705322266,
      44.67601776123047,
      50.765350341796875,
      -3.629509449005127,
      -18.363910675048828,
      -15.720640182495117,
      -0.26162976026535034,
      -2.4443414211273193,
      7.043629169464111
    ],
    [
      43.109954833984375,
      46.36017608642578,
      47.380348205566406,
      44.042266845703125,
      37.97893142700195,
      28.71561050415039,
      22.477012634277344,
      22.136972427368164,
      17.68341064453125,
      14.412393569946289,
      21.25057029724121,
      26.629222869873047,
      30.67656707763672,
      48.977012634277344,
      47.956207275390625,
      33.95087814331055,
      32.26097869873047,
      43.846038818359375,
      41.20621871948242,
      48.78119659423828
    ],
    [
      24.514902114868164,
      24.87750244140625,
      17.1746883392334,
      16.745182037353516,
      18.31928253173828,
      14.95322036743164,
      14.925806045532227,
      19.14141845703125,
      19.025760650634766,
      16.92755699157715,
      16.307418823242188,
      27.133010864257812,
      32.581336975097656,
      24.212261199951172,
      4.208425521850586,
      -10.650897979736328,
      -13.805152893066406,
      2.594512462615967,
      8.057968139648438,
      10.189798355102539
    ],
    [
      -14.14552116394043,
      -21.791458129882812,
      -34.574928283691406,
      -35.48234939575195,
      -35.27045440673828,
      -44.14874267578125,
      -49.57936477661133,
      -46.04883575439453,
      -39.39950180053711,
      -29.314910888671875,
      -16.279783248901367,
      -12.174670219421387,
      -5.799592018127441,
      2.5339255332946777,
      2.3523712158203125,
      -5.943874359130859,
      -7.250118255615234,
      -13.893932342529297,
      -12.415881156921387,
      -4.579130172729492
    ],
    [
      -18.0054988861084,
      -23.53266143798828,
      -27.011913299560547,
      -23.848730087280273,
      -20.11994743347168,
      -20.064624786376953,
      -21.101274490356445,
      -18.48934555053711,
      -14.275890350341797,
      -15.656375885009766,
      -19.02411651611328,
      -17.60195541381836,
      -12.517581939697266,
      -14.288368225097656,
      18.068344116210938,
      13.892427444458008,
      10.076607704162598,
      -0.9127469062805176,
      -4.967695236206055,
      -1.207074761390686
    ],
    [
      -21.54729652404785,
      -10.858354568481445,
      0.03242945671081543,
      0.244368314743042,
      -2.2529103755950928,
      -1.6674039363861084,
      -4.080670356750488,
      -9.314050674438477,
      -12.810014724731445,
      -9.892003059387207,
      -6.594547748565674,
      -6.945273399353027,
      -1.0557852983474731,
      6.598267555236816,
      -7.418038845062256,
      -14.906964302062988,
      -15.894729614257812,
      -6.023198127746582,
      -1.8403546810150146,
      -5.542453289031982
    ],
    [
      -8.29037857055664,
      -7.428984642028809,
      -3.1156325340270996,
      0.570219874382019,
      -6.376927375793457,
      -5.176153182983398,
      4.113632678985596,
      6.411496639251709,
      3.771865129470825,
      -0.9254156351089478,
      -10.07951545715332,
      -10.498611450195312,
      -2.1734304428100586,
      -2.620217800140381,
      1.3411939144134521,
      -1.590543270111084,
      -3.9686198234558105,
      -6.588382244110107,
      -8.476499557495117,
      -0.3199889659881592
    ],
    [
      -10.35630989074707,
      -14.66694450378418,
      -15.577014923095703,
      -10.767295837402344,
      -8.577178955078125,
      -12.12151050567627,
      -8.533782958984375,
      -5.369427680969238,
      -4.1630353927612305,
      1.4557251930236816,
      -0.4592709541320801,
      -3.630967855453491,
      -6.950536727905273,
      -2.710186243057251,
      -0.9969189167022705,
      -8.533712387084961,
      -12.34982681274414,
      -8.04159164428711,
      -3.8931796550750732,
      -7.100430488586426
    ],
    [
      -27.177751541137695,
      -26.77874183654785,
      -24.38515281677246,
      -13.029970169067383,
      -6.4520721435546875,
      -11.227157592773438,
      -20.436410903930664,
      -20.855106353759766,
      -18.251346588134766,
      -17.136903762817383,
      -19.02422332763672,
      -22.93964958190918,
      -20.32720947265625,
      -17.074970245361328,
      -9.541170120239258,
      -14.092232704162598,
      -19.423017501831055,
      -20.94681739807129,
      -19.40509796142578,
      -17.850814819335938
    ],
    [
      -3.603593349456787,
      6.386173725128174,
      16.999805450439453,
      14.932084083557129,
      17.62919807434082,
      17.764402389526367,
      14.741097450256348,
      16.55091667175293,
      18.76729965209961,
      18.568466186523438,
      10.974478721618652,
      1.9140009880065918,
      -0.5570249557495117,
      -3.4139106273651123,
      -1.509777545928955,
      -1.5077974796295166,
      -1.3711321353912354,
      0.870907187461853,
      -4.376851558685303,
      -11.025215148925781
    ],
    [
      -6.589303016662598,
      -9.175592422485352,
      -12.877015113830566,
      -11.257091522216797,
      -8.976214408874512,
      -10.977466583251953,
      -11.750020027160645,
      -16.313871383666992,
      -14.852646827697754,
      -10.717435836791992,
      -4.4357404708862305,
      -4.033653736114502,
      -8.693958282470703,
      -3.355537176132202,
      -4.169423580169678,
      -3.2245407104492188,
      -3.248171806335449,
      -2.9779086112976074,
      -2.68261981010437,
      -4.930944919586182
    ]
  ],
  "sample_rate": 22050,
  "n_mfcc": 13,
  "shape": [
    13,
    20
  ]
}