{
  "question_id": 0,
  "text": "brother",
  "mfcc": [
    [
      -229.5933837890625,
      -80.501708984375,
      -44.32246780395508,
      -32.09720993041992,
      -11.501433372497559,
      -5.799081325531006,
      -13.886852264404297,
      -17.474870681762695,
      -58.216468811035156,
      -125.54446411132812,
      -75.72400665283203,
      -34.04771041870117,
      -42.391117095947266,
      -66.21881103515625,
      -93.19100952148438,
      -113.81011962890625,
      -137.69891357421875,
      -168.66717529296875,
      -197.49400329589844,
      -208.59066772460938,
      -229.71798706054688,
      -276.60931396484375,
      -312.2698974609375
    ],
    [
      86.82109832763672,
      125.80255889892578,
      147.96572875976562,
      142.77101135253906,
      125.42739868164062,
      109.80404663085938,
      93.69465637207031,
      109.75697326660156,
      133.9044189453125,
      116.27630615234375,
      91.93130493164062,
      116.3360595703125,
      131.59329223632812,
      146.7362060546875,
      157.2781524658203,
      161.32276916503906,
      162.54910278320312,
      149.39056396484375,
      132.0427703857422,
      117.31759643554688,
      114.50003051757812,
      106.93818664550781,
      101.97950744628906
    ],
    [
      10.203939437866211,
      7.006023406982422,
      -9.18835735321045,
      -39.385948181152344,
      -46.026214599609375,
      -48.06953430175781,
      -40.56935119628906,
      -22.902406692504883,
      -9.552000045776367,
      8.265907287597656,
      6.217698097229004,
      -6.491785526275635,
      -21.314441680908203,
      -28.837966918945312,
      -29.011838912963867,
      -22.952035903930664,
      -13.46471118927002,
      -12.519073486328125,
      -24.074630737304688,
      -45.52751159667969,
      -40.76849365234375,
      -32.39691162109375,
      -27.398029327392578
    ],
    [
      23.748294830322266,
      9.214439392089844,
      -6.532504081726074,
      -15.382682800292969,
      -16.365434646606445,
      -14.078746795654297,
      -8.420001029968262,
      1.0443968772888184,
      1.7367841005325317,
      4.483006477355957,
      10.25152587890625,
      6.490322589874268,
      3.1592893600463867,
      -5.052807331085205,
      -14.57088851928711,
      -16.093791961669922,
      -15.416385650634766,
      5.09262752532959,
      19.94361114501953,
      31.838119506835938,
      38.035377502441406,
      35.673789978027344,
      30.263900756835938
    ],
    [
      15.832331657409668,
      10.306157112121582,
      18.737693786621094,
      22.158470153808594,
      4.260892391204834,
      -14.091471672058105,
      -12.73301887512207,
      -1.756256103515625,
      2.524437665939331,
      1.6367270946502686,
      0.7536329030990601,
      1.4913914203643799,
      15.478004455566406,
      24.0281982421875,
      25.36314582824707,
      27.0867862701416,
      29.43951988220215,
      31.95013427734375,
      26.125137329101562,
      14.65640640258789,
      6.56649923324585,
      5.469565391540527,
      8.030820846557617
    ],
    [
      -3.8015689849853516,
      -2.4239916801452637,
      -1.297268033027649,
      -8.986370086669922,
      -13.628589630126953,
      -9.063720703125,
      -0.5379043221473694,
      -0.46329861879348755,
      -1.6473639011383057,
      11.31147575378418,
      9.127917289733887,
      -2.4637157917022705,
      -9.872923851013184,
      -3.250736951828003,
      0.4732297658920288,
      8.949216842651367,
      18.681251525878906,
      19.21500015258789,
      10.534156799316406,
      1.440579891204834,
      -2.7632107734680176,
      -6.626857757568359,
      1.066719651222229
    ],
    [
      -4.55348539352417,
      -11.85403060913086,
      -10.622114181518555,
      0.2569308280944824,
      7.661832809448242,
      4.680258750915527,
      3.043010950088501,
      0.29729366302490234,
      3.1094021797180176,
      2.6720547676086426,
      -7.4059929847717285,
      -9.032308578491211,
      -3.921154022216797,
      -1.357712984085083,
      9.271404266357422,
      10.987186431884766,
      4.823760509490967,
      3.105855941772461,
      3.009796619415283,
      -3.2499096393585205,
      -3.5380475521087646,
      -3.2803473472595215,
      1.6946089267730713
    ],
    [
      -3.155953884124756,
      -9.95125961303711,
      -9.380351066589355,
      -10.402084350585938,
      -12.944436073303223,
      -15.246698379516602,
      -14.909971237182617,
      -20.59242820739746,
      -23.598575592041016,
      -19.725894927978516,
      -25.405454635620117,
      -27.617355346679688,
      -29.1939640045166,
      -35.88055419921875,
      -50.65821838378906,
      -61.753456115722656,
      -61.373680114746094,
      -44.29144287109375,
      -18.264270782470703,
      -3.1327366828918457,
      -6.59479284286499,
      -11.008712768554688,
      -10.173006057739258
    ],
    [
      -8.253227233886719,
      -16.417917251586914,
      -14.762430191040039,
      -13.604572296142578,
      -15.81303882598877,
      -21.261310577392578,
      -18.404266357421875,
      -25.5301570892334,
      -31.625431060791016,
      -25.490882873535156,
      -22.953401565551758,
      -25.467201232910156,
      -19.676528930664062,
      -13.34101676940918,
      -4.415475368499756,
      -0.4829294681549072,
      6.5526580810546875,
      6.687267303466797,
      6.3168416023254395,
      -0.3206970989704132,
      -6.844973564147949,
      -4.553595066070557,
      -5.511900901794434
    ],
    [
      -15.859142303466797,
      -15.790536880493164,
      -17.779693603515625,
      -12.326427459716797,
      -2.278376340866089,
      4.275171279907227,
      4.08054780960083,
      -3.4049291610717773,
      -6.655365943908691,
      -4.923545837402344,
      1.5579538345336914,
      3.035886764526367,
      8.240747451782227,
      19.734375,
      32.71102523803711,
      34.106849670410156,
      28.290538787841797,
      28.621410369873047,
      28.340267181396484,
      25.53579330444336,
      22.699581146240234,
      21.67660140991211,
      22.724536895751953
    ],
    [
      -13.874982833862305,
      -18.947410583496094,
      -16.852441787719727,
      -2.600728988647461,
      2.731053590774536,
      3.4604265689849854,
      0.529446005821228,
      -2.4682068824768066,
      -3.778714656829834,
      1.0162091255187988,
      0.5497148633003235,
      1.6825244426727295,
      -1.9750434160232544,
      -12.695009231567383,
      -23.886125564575195,
      -27.5403995513916,
      -26.992053985595703,
      -27.92870330810547,
      -26.25091552734375,
      -20.480514526367188,
      -7.346647262573242,
      2.3528270721435547,
      8.398418426513672
    ],
    [
      -9.268556594848633,
      -11.721745491027832,
      -6.52903413772583,
      5.285633087158203,
      16.471738815307617,
      15.61513900756836,
      9.960042953491211,
      10.580053329467773,
      9.773811340332031,
      -0.38654565811157227,
      -4.242588043212891,
      1.7029597759246826,
      9.238870620727539,
      11.921793937683105,
      7.962241172790527,
      4.090817928314209,
      4.718260765075684,
      -3.6734619140625,
      -9.482040405273438,
      -6.162644386291504,
      -1.5330229997634888,
      -6.435108184814453,
      -6.311654567718506
    ],
    [
      -5.303956508636475,
      -1.3037500381469727,
      4.610558986663818,
      12.018171310424805,
      0.5939434766769409,
      -16.85749053955078,
      -23.06456756591797,
      -25.901145935058594,
      -28.855506896972656,
      -16.276004791259766,
      -17.982067108154297,
      -22.416759490966797,
      -17.790639877319336,
      -15.863475799560547,
      -10.766962051391602,
      -11.41495132446289,
      -14.79805850982666,
      -9.523316383361816,
      0.004815042018890381,
      0.7595885396003723,
      -2.689382314682007,
      -9.662858963012695,
      -12.386425018310547
    ]
  ],