{
  "question_id": 0,
  "text": "candy",
  "mfcc": [
    [
      -98.06814575195312,
      -39.96247482299805,
      -45.67258071899414,
      -64.56360626220703,
      -67.3254623413086,
      -68.62952423095703,
      -72.90088653564453,
      -75.85679626464844,
      -76.12617492675781,
      -82.4840087890625,
      -82.92853546142578,
      -85.70045471191406,
      -112.60814666748047,
      -134.92100524902344,
      -158.97047424316406,
      -109.93279266357422,
      -78.71610260009766,
      -106.2441635131836,
      -154.93328857421875,
      -206.34962463378906,
      -246.99346923828125,
      -271.0094299316406,
      -292.85919189453125,
      -340.8440246582031,
      -373.6230163574219,
      -402.3351745605469,
      -417.3706359863281,
      -434.33905029296875
    ],
    [
      39.283538818359375,
      41.14598083496094,
      52.132347106933594,
      71.49662017822266,
      97.13050842285156,
      112.61097717285156,
      120.46907043457031,
      128.23941040039062,
      136.36917114257812,
      140.99346923828125,
      161.51576232910156,
      157.65371704101562,
      137.40505981445312,
      138.65603637695312,
      147.7833251953125,
      103.05703735351562,
      100.2362060546875,
      119.17832946777344,
      121.31353759765625,
      107.32975769042969,
      95.77222442626953,
      89.65544128417969,
      100.91790771484375,
      132.393310546875,
      125.03298950195312,
      110.30298614501953,
      102.4547119140625,
      80.2082748413086
    ],
    [
      -36.662132263183594,
      -25.039676666259766,
      -15.575837135314941,
      -0.24399244785308838,
      13.82077407836914,
      8.307690620422363,
      -18.770370483398438,
      -39.024574279785156,
      -43.10942077636719,
      -41.903778076171875,
      -38.43859100341797,
      -21.668834686279297,
      -7.635723114013672,
      6.758673191070557,
      18.544654846191406,
      8.252168655395508,
      9.100225448608398,
      12.610358238220215,
      20.125133514404297,
      31.079845428466797,
      37.92589569091797,
      33.33822250366211,
      28.168426513671875,
      31.821998596191406,
      31.90937042236328,
      36.89936447143555,
      44.388370513916016,
      42.82647705078125
    ],
    [
      17.293498992919922,
      25.985061645507812,
      25.650245666503906,
      38.195770263671875,
      67.91324615478516,
      62.57719802856445,
      50.328834533691406,
      45.31422424316406,
      34.38572692871094,
      21.650676727294922,
      14.98426342010498,
      20.86739730834961,
      32.43435287475586,
      40.710227966308594,
      48.12195587158203,
      61.35053253173828,
      71.83077239990234,
      81.56952667236328,
      87.6630859375,
      94.01791381835938,
      100.500732421875,
      106.90396881103516,
      95.9769287109375,
      53.156288146972656,
      19.59317398071289,
      4.151369094848633,
      -0.3854851722717285,
      5.754335403442383
    ],
    [
      2.358909845352173,
      9.348705291748047,
      6.9625749588012695,
      -2.3462107181549072,
      -4.753570556640625,
      -5.561395645141602,
      1.047116756439209,
      10.043254852294922,
      15.438226699829102,
      14.903787612915039,
      14.863887786865234,
      11.02851676940918,
      7.706853866577148,
      1.5434491634368896,
      -1.514818549156189,
      6.216631889343262,
      13.20121955871582,
      16.254138946533203,
      11.35098934173584,
      18.575233459472656,
      31.59542465209961,
      34.47776794433594,
      34.900115966796875,
      30.43362045288086,
      12.29000186920166,
      -5.3949103355407715,
      -16.031782150268555,
      -5.343497276306152
    ],
    [
      -25.60015296936035,
      -16.943159103393555,
      -12.849590301513672,
      -18.270580291748047,
      -27.330873489379883,
      -26.323909759521484,
      -29.49380874633789,
      -33.36054229736328,
      -27.98328399658203,
      -17.49581527709961,
      -2.4973788261413574,
      0.537254810333252,
      -1.2274484634399414,
      -8.272851943969727,
      -12.425151824951172,
      -13.563990592956543,
      -10.640022277832031,
      -14.298776626586914,
      -23.113136291503906,
      -26.640106201171875,
      -23.73387336730957,
      -22.863677978515625,
      -22.316753387451172,
      -23.979427337646484,
      -24.055156707763672,
      -18.461685180664062,
      -19.03481101989746,
      -13.819708824157715
    ],
    [
      -6.629365921020508,
      -1.5090715885162354,
      -3.317054271697998,
      -8.393397331237793,
      -16.407997131347656,
      -12.219213485717773,
      -11.7498197555542,
      -16.233753204345703,
      -18.0643310546875,
      -20.391565322875977,
      -17.768096923828125,
      -11.324287414550781,
      -2.974376916885376,
      -0.42498666048049927,
      3.2081966400146484,
      12.340944290161133,
      10.062621116638184,
      3.8938686847686768,
      6.525071144104004,
      9.155539512634277,
      6.254518508911133,
      9.522863388061523,
      3.8260130882263184,
      -20.51767349243164,
      -27.619108200073242,
      -15.801950454711914,
      -12.17641830444336,
      -8.861726760864258
    ],
    [
      7.280889987945557,
      12.012831687927246,
      15.46340560913086,
      16.27309226989746,
      15.03281307220459,
      9.047365188598633,
      2.8931186199188232,
      -3.920238971710205,
      -17.527549743652344,
      -24.923076629638672,
      -19.61149024963379,
      -13.705373764038086,
      -3.331941843032837,
      15.696910858154297,
      17.168325424194336,
      1.4816035032272339,
      -3.502166509628296,
      -3.0132908821105957,
      -9.035211563110352,
      -5.998586654663086,
      0.5469812154769897,
      0.15579962730407715,
      -1.6807889938354492,
      -1.800795316696167,
      0.2457720935344696,
      2.7390127182006836,
      -0.18199992179870605,
      -2.7453789710998535
    ],
    [
      -20.40250015258789,
      -16.272537231445312,
      -9.939273834228516,
      -7.771638870239258,
      -3.0686147212982178,
      2.1188950538635254,
      2.48453950881958,
      3.900048017501831,
      2.378438949584961,
      2.2664148807525635,
      0.41321462392807007,
      -5.81239652633667,
      -0.535770058631897,
      8.088542938232422,
      1.8449604511260986,
      -10.604330062866211,
      -12.007692337036133,
      -4.4544501304626465,
      -5.30252742767334,
      -6.185332298278809,
      -7.625799179077148,
      -2.7865068912506104,
      -3.8641934394836426,
      -4.5833258628845215,
      3.368957996368408,
      6.317426681518555,
      7.6536126136779785,
      7.958696365356445
    ],
    [
      -1.9391146898269653,
      -6.902704238891602,
      -6.936225891113281,
      0.28722065687179565,
      -10.13856029510498,
      -15.393924713134766,
      -16.15751075744629,
      -6.873895168304443,
      0.5880714654922485,
      6.679051399230957,
      5.464759826660156,
      3.3421525955200195,
      1.7614340782165527,
      4.255667686462402,
      6.140011787414551,
      7.40077543258667,
      -0.3127097189426422,
      -8.05899429321289,
      -17.094369888305664,
      -23.91443634033203,
      -28.093231201171875,
      -31.025983810424805,
      -24.849571228027344,
      -17.07482147216797,
      -13.571901321411133,
      -6.959250450134277,
      3.8214263916015625,
      7.5937395095825195
    ],
    [
      -5.670285224914551,
      -9.482572555541992,
      -11.373571395874023,
      -2.1511950492858887,
      4.392256736755371,
      4.96211051940918,
      0.07279662787914276,
      -5.851868629455566,
      -7.148723602294922,
      0.3005807399749756,
      4.836515426635742,
      -7.409518241882324,
      -18.410160064697266,
      -26.41643714904785,
      -19.47983169555664,
      -14.59308910369873,
      -23.50445556640625,
      -30.63174819946289,
      -24.50148582458496,
      -19.459274291992188,
      -14.151674270629883,
