{
  "question_id": 0,
  "text": "chicken",
  "mfcc": [
    [
      -145.3358612060547,
      -53.77323913574219,
      4.530217170715332,
      29.537992477416992,
      15.850543022155762,
      -69.1786880493164,
      -172.76109313964844,
      -54.94398498535156,
      -8.04037094116211,
      -15.615397453308105,
      -47.932891845703125,
      -120.82861328125,
      -186.93539428710938,
      -224.65792846679688,
      -264.5940246582031,
      -304.8746337890625,
      -314.7027893066406,
      -271.19342041015625,
      -297.51739501953125,
      -401.7710266113281
    ],
    [
      -32.01234817504883,
      -48.010589599609375,
      2.99293851852417,
      78.81964874267578,
      109.78890991210938,
      106.810791015625,
      93.17511749267578,
      73.05644226074219,
      100.86347198486328,
      138.2650604248047,
      163.16958618164062,
      174.88082885742188,
      173.23101806640625,
      169.13397216796875,
      158.34420776367188,
      137.07693481445312,
      117.65430450439453,
      116.03890228271484,
      115.54652404785156,
      111.71219635009766
    ],
    [
      -36.389408111572266,
      -34.91139221191406,
      -13.135740280151367,
      -16.00539779663086,
      -37.18819808959961,
      -37.55825424194336,
      -31.226879119873047,
      -41.2384033203125,
      -9.56198787689209,
      1.8998616933822632,
      -3.9711408615112305,
      0.8860927820205688,
      8.652756690979004,
      16.707141876220703,
      24.131729125976562,
      22.795608520507812,
      4.734495162963867,
      -16.729663848876953,
      -16.570615768432617,
      9.65699291229248
    ],
    [
      47.667232513427734,
      53.74158477783203,
      61.8879508972168,
      44.42034149169922,
      52.53589630126953,
      58.376216888427734,
      26.1024112701416,
      6.744455337524414,
      23.597640991210938,
      31.164260864257812,
      31.888324737548828,
      36.178688049316406,
      45.281585693359375,
      48.32671356201172,
      53.35869598388672,
      35.66135787963867,
      22.689353942871094,
      7.338987350463867,
      4.312030792236328,
      1.2780115604400635
    ],
    [
      20.545299530029297,
      4.723093509674072,
      13.689106941223145,
      16.81147003173828,
      11.267393112182617,
      13.9607515335083,
      25.032085418701172,
      26.476016998291016,
      24.271888732910156,
      4.070377349853516,
      -8.075783729553223,
      -3.5013840198516846,
      0.9152679443359375,
      8.244970321655273,
      18.53675079345703,
      19.191301345825195,
      17.490528106689453,
      21.019847869873047,
      16.41794776916504,
      -0.5649329423904419
    ],
    [
      -5.2030348777771,
      -26.87436294555664,
      -17.701438903808594,
      -9.946754455566406,
      -3.87349271774292,
      -0.14228755235671997,
      -1.942015528678894,
      -8.60969352722168,
      -4.786075592041016,
      -1.5070408582687378,
      2.1694092750549316,
      -5.947178363800049,
      -13.554228782653809,
      -6.005581855773926,
      3.1525795459747314,
      20.626922607421875,
      4.910672187805176,
      -17.697113037109375,
      -16.92258071899414,
      0.7095305323600769
    ],
    [
      5.270025730133057,
      -1.2622355222702026,
      -1.1833336353302002,
      -12.055474281311035,
      -14.434710502624512,
      -14.96109390258789,
      -18.016345977783203,
      -7.531040191650391,
      -10.453651428222656,
      -8.847784996032715,
      -2.395617961883545,
      7.277438640594482,
      10.606605529785156,
      9.861627578735352,
      8.38027572631836,
      7.363697528839111,
      -2.979867458343506,
      -10.897937774658203,
      -9.159768104553223,
      -2.7668018341064453
    ],
    [
      -16.95257568359375,
      -2.545680522918701,
      3.1262969970703125,
      -0.49568527936935425,
      -6.700901031494141,
      -6.822658538818359,
      -11.439414978027344,
      -0.6408186554908752,
      -2.692277431488037,
      -12.441402435302734,
      -16.696495056152344,
      -9.6713285446167,
      -1.5731515884399414,
      -3.193577766418457,
      6.772880554199219,
      9.558381080627441,
      13.473094940185547,
      18.707061767578125,
      15.647579193115234,
      -5.76845645904541
    ],
    [
      -34.41728591918945,
      -22.193681716918945,
      -23.35235023498535,
      -19.073768615722656,
      -8.49325180053711,
      -2.7850821018218994,
      -10.8726806640625,
      2.106062173843384,
      2.2256789207458496,
      -1.5375983715057373,
      1.3817417621612549,
      8.379496574401855,
      19.941160202026367,
      24.28297233581543,
      24.98271369934082,
      20.514385223388672,
      0.20370161533355713,
      -22.176042556762695,
      -22.618141174316406,
      -12.173352241516113
    ],
    [
      -0.09241551160812378,
      12.032266616821289,
      5.790655136108398,
      -8.347421646118164,
      -12.35629653930664,
      -8.641860961914062,
      -1.1050803661346436,
      13.49748420715332,
      6.588825225830078,
      -1.5589063167572021,
      -4.959555625915527,
      -1.7746424674987793,
      -1.0672857761383057,
      -3.603145122528076,
      -2.5834264755249023,
      -4.531057357788086,
      -2.909238576889038,
      6.7827019691467285,
      3.520240545272827,
      -6.089137554168701
    ],
    [
      -13.511205673217773,
      -6.770627021789551,
      -14.46967601776123,
      -27.517356872558594,
      -30.00078010559082,
      -31.734773635864258,
      -36.361854553222656,
      -30.335494995117188,
      -24.607524871826172,
      -10.367154121398926,
      -1.9881774187088013,
      -15.349836349487305,
      -28.395282745361328,
      -17.061031341552734,
      -10.943663597106934,
      -1.5683133602142334,
      5.202309608459473,
      3.377714157104492,
      4.056301116943359,
      6.232795238494873
    ],
    [
      1.069669485092163,
      -1.7574045658111572,
      -9.883926391601562,
      -8.259727478027344,
      -11.459973335266113,
      -8.118669509887695,
      9.743104934692383,
      22.395488739013672,
      20.474788665771484,
      14.474313735961914,
      -0.5362734794616699,
      -13.34200668334961,
      -17.751693725585938,
      -6.252069473266602,
      -4.981396675109863,
      -4.205318450927734,
      -1.224179744720459,
      4.482495307922363,
      5.679880142211914,
      2.229201316833496
    ],
    [
      3.62823748588562,
      -0.6494696736335754,
      -6.794362545013428,
      -5.034687042236328,
      -0.9089153409004211,
      1.1008117198944092,
      -3.6164073944091797,
      -3.662858009338379,
      -6.303907871246338,
      -10.836430549621582,
      -14.311622619628906,
      -14.515388488769531,
      -17.30172348022461,
      -15.682419776916504,
      -14.368141174316406,
      -9.531316757202148,
      -15.080771446228027,
      -18.027332305908203,
      -15.039804458618164,
      -0.26884377002716064
    ]
  ],
  "sample_rate": 22050,
  "n_mfcc": 13,
  "shape": [
    13,
    20
  ]
}