{
  "question_id": 0,
  "text": "chocolate",
  "mfcc": [
    [
      -150.51095581054688,
      -54.80730056762695,
      -14.880173683166504,
      -7.740656852722168,
      -20.072460174560547,
      -27.28746795654297,
      -30.7535400390625,
      -35.592586517333984,
      -70.99606323242188,
      -173.46031188964844,
      -303.416015625,
      -177.44956970214844,
      -117.77839660644531,
      -103.8682861328125,
      -54.83393096923828,
      -36.58719253540039,
      -92.86571502685547,
      -184.5360565185547,
      -302.607666015625,
      -377.8193664550781
    ],
    [
      -7.4817423820495605,
      -23.80419921875,
      -11.372007369995117,
      41.989715576171875,
      134.55677795410156,
      165.1739501953125,
      157.70486450195312,
      152.14230346679688,
      119.75605773925781,
      87.17002868652344,
      111.92518615722656,
      101.44119262695312,
      89.68572998046875,
      126.48412322998047,
      171.52151489257812,
      175.49903869628906,
      174.42015075683594,
      159.17807006835938,
      127.29904174804688,
      135.79251098632812
    ],
    [
      -29.73645782470703,
      -42.87057876586914,
      -52.39921188354492,
      -31.68960952758789,
      -12.768216133117676,
      -35.832244873046875,
      -57.628448486328125,
      -42.94806671142578,
      -8.611104965209961,
      20.27192497253418,
      18.63872528076172,
      -12.429343223571777,
      -12.595361709594727,
      17.362197875976562,
      -4.152181148529053,
      -25.618152618408203,
      -32.900333404541016,
      -14.885089874267578,
      14.654329299926758,
      23.00506591796875
    ],
    [
      22.136760711669922,
      27.153736114501953,
      17.149471282958984,
      17.90458869934082,
      -4.667056560516357,
      9.408114433288574,
      0.8481152057647705,
      -1.4709806442260742,
      -0.7688456773757935,
      3.6494431495666504,
      -12.569734573364258,
      -34.74406433105469,
      -26.065250396728516,
      6.8684797286987305,
      9.994462966918945,
      7.861288070678711,
      8.070988655090332,
      8.208539962768555,
      2.255770683288574,
      3.5552825927734375
    ],
    [
      0.15987896919250488,
      7.329108238220215,
      4.643292427062988,
      14.952579498291016,
      -1.574734091758728,
      -26.436439514160156,
      -44.91632080078125,
      -43.095211029052734,
      -42.529937744140625,
      -44.13627624511719,
      -36.06202697753906,
      -22.893571853637695,
      -21.162662506103516,
      -21.23583984375,
      -36.04153060913086,
      -33.100807189941406,
      -19.60812759399414,
      -5.350590705871582,
      -11.498050689697266,
      -11.619041442871094
    ],
    [
      -14.909400939941406,
      -17.829425811767578,
      -22.058120727539062,
      -8.26098918914795,
      -4.523012638092041,
      -14.125406265258789,
      -23.508445739746094,
      -22.719181060791016,
      -12.012666702270508,
      -0.605205237865448,
      -6.41737699508667,
      14.128475189208984,
      18.795133590698242,
      5.902148246765137,
      5.640697002410889,
      10.622842788696289,
      4.740834712982178,
      -6.459512710571289,
      0.7896862030029297,
      5.828758239746094
    ],
    [
      -12.743270874023438,
      -21.330781936645508,
      -32.60401916503906,
      -32.716773986816406,
      -20.296932220458984,
      -12.612262725830078,
      -10.957505226135254,
      -5.397538185119629,
      0.0941346287727356,
      9.068469047546387,
      3.705122947692871,
      11.08326530456543,
      12.068521499633789,
      -6.880232334136963,
      -9.476381301879883,
      -5.939131736755371,
      -6.0255022048950195,
      -19.383304595947266,
      -17.65093994140625,
      -1.296148657798767
    ],
    [
      13.231338500976562,
      16.585983276367188,
      17.01036262512207,
      13.273550033569336,
      4.803962230682373,
      15.880549430847168,
      22.688575744628906,
      20.114355087280273,
      17.571517944335938,
      13.35569953918457,
      5.2062602043151855,
      14.696693420410156,
      18.727630615234375,
      4.898773193359375,
      -6.4413299560546875,
      -21.279335021972656,
      -38.47886657714844,
      -41.01025390625,
      -27.996776580810547,
      -26.307666778564453
    ],
    [
      -22.98243522644043,
      -22.01706886291504,
      -19.05677032470703,
      -10.405433654785156,
      -9.895505905151367,
      -3.2507944107055664,
      5.188175201416016,
      1.9534883499145508,
      -5.734287261962891,
      -12.055665016174316,
      -10.646148681640625,
      -0.8926564455032349,
      2.264096975326538,
      -6.726147651672363,
      -11.717850685119629,
      -17.30323600769043,
      -21.824542999267578,
      -22.53426742553711,
      -26.32802963256836,
      -24.68001365661621
    ],
    [
      -6.26271915435791,
      -5.201128005981445,
      -3.7356765270233154,
      8.47607135772705,
      -1.9541780948638916,
      -2.9279446601867676,
      -5.477134704589844,
      -8.909360885620117,
      -4.52100133895874,
      2.4068593978881836,
      4.859768390655518,
      -1.5832676887512207,
      -3.2650089263916016,
      -14.349750518798828,
      -22.120386123657227,
      -18.791458129882812,
      -11.869763374328613,
      4.357073783874512,
      3.9088990688323975,
      -4.146998405456543
    ],
    [
      -6.497181415557861,
      -6.00413703918457,
      -9.52788257598877,
      0.10961616039276123,
      -2.3934125900268555,
      -16.602954864501953,
      -17.08740234375,
      -19.443103790283203,
      -19.990514755249023,
      -10.947074890136719,
      -11.422420501708984,
      -15.171187400817871,
      -12.774273872375488,
      -19.03165054321289,
      -17.233348846435547,
      -3.984943389892578,
      7.6157612800598145,
      4.7559051513671875,
      4.508039951324463,
      6.555261611938477
    ],
    [
      1.7686188220977783,
      -2.7075068950653076,
      -8.169639587402344,
      -4.361635208129883,
      0.8135542273521423,
      9.815645217895508,
      11.050203323364258,
      8.843177795410156,
      4.742617607116699,
      4.874335765838623,
      9.907727241516113,
      -5.335038185119629,
      -2.007209062576294,
      -1.3999786376953125,
      12.175494194030762,
      19.435651779174805,
      22.482921600341797,
      9.752485275268555,
      5.430925369262695,
      9.073244094848633
    ],
    [
      -8.933043479919434,
      -5.5590925216674805,
      -6.611442565917969,
      -12.838043212890625,
      -0.1361827254295349,
      0.6164047718048096,
      8.04842758178711,
      13.607488632202148,
      12.876970291137695,
      8.49386215209961,
      12.851053237915039,
      22.40403938293457,
      23.224367141723633,
      11.171242713928223,
      4.051113128662109,
      2.63240385055542,
      -2.438469171524048,
      -9.14504623413086,
      0.8596181869506836,
      2.4022316932678223
    ]
  ],
  "sample_rate": 22050,
  "n_mfcc": 13,
  "shape": [
    13,
    20
  ]
}