{
  "question_id": 0,
  "text": "clock",
  "mfcc": [
    [
      -39.9951057434082,
      16.323631286621094,
      1.8943853378295898,
      -2.1688554286956787,
      5.755317211151123,
      5.005843162536621,
      1.863057255744934,
      -12.283329010009766,
      -38.20974349975586,
      -66.859619140625,
      -130.43429565429688,
      -179.3113250732422,
      -204.13778686523438,
      -281.2480163574219,
      -362.6933898925781,
      -378.35589599609375,
      -224.62921142578125,
      -87.71017456054688,
      -60.44575881958008,
      -96.41972351074219,
      -165.8326416015625,
      -272.81231689453125
    ],
    [
      71.10305786132812,
      37.81029510498047,
      28.077646255493164,
      98.96900939941406,
      152.52764892578125,
      158.6890411376953,
      149.5029296875,
      147.62234497070312,
      146.43394470214844,
      156.7622528076172,
      169.39053344726562,
      131.159423828125,
      101.52059936523438,
      104.92845153808594,
      116.11738586425781,
      105.62413024902344,
      67.72331237792969,
      62.28589630126953,
      62.58929443359375,
      66.56548309326172,
      73.94941711425781,
      79.363037109375
    ],
    [
      -50.04564666748047,
      -37.327117919921875,
      -18.86176300048828,
      7.540396690368652,
      -19.37885284423828,
      -38.50848388671875,
      -35.80280303955078,
      -34.880943298339844,
      -38.35301208496094,
      -28.02945899963379,
      -16.396617889404297,
      -21.68252182006836,
      -25.533588409423828,
      -7.238223075866699,
      13.850120544433594,
      13.632406234741211,
      -38.70125961303711,
      -38.9847412109375,
      -32.792259216308594,
      -25.71625518798828,
      -26.078598022460938,
      -23.97380828857422
    ],
    [
      -13.982000350952148,
      0.8271042704582214,
      16.779953002929688,
      14.592989921569824,
      -0.6512288451194763,
      -9.491209983825684,
      -15.449350357055664,
      -19.658802032470703,
      -11.909914016723633,
      -12.074176788330078,
      -8.204192161560059,
      -0.43119487166404724,
      -3.027824878692627,
      -3.3007869720458984,
      -3.7104663848876953,
      3.9607486724853516,
      -1.8336414098739624,
      -4.717416763305664,
      -4.28239631652832,
      -2.226471424102783,
      0.9043458700180054,
      4.6305389404296875
    ],
    [
      -5.370046615600586,
      -2.930971384048462,
      -6.091951370239258,
      -30.225391387939453,
      -36.01411437988281,
      -42.81696319580078,
      -46.154762268066406,
      -43.523529052734375,
      -49.02448272705078,
      -54.744205474853516,
      -46.445064544677734,
      -16.51583480834961,
      -12.454322814941406,
      -9.5038480758667,
      -14.731391906738281,
      -7.87424898147583,
      11.027106285095215,
      13.887413024902344,
      16.91971778869629,
      18.645904541015625,
      18.706005096435547,
      17.4483642578125
    ],
    [
      -11.425990104675293,
      -14.285859107971191,
      -15.221382141113281,
      -11.936476707458496,
      -14.354766845703125,
      -22.537208557128906,
      -18.114200592041016,
      -8.775367736816406,
      -0.86470627784729,
      0.30786991119384766,
      -2.033083915710449,
      8.973067283630371,
      9.01207160949707,
      15.185407638549805,
      -1.2845406532287598,
      0.04289622604846954,
      -0.3963549733161926,
      -3.2703123092651367,
      -0.5748699307441711,
      4.858268737792969,
      10.371042251586914,
      19.440671920776367
    ],
    [
      0.21460485458374023,
      1.8352229595184326,
      -0.4039459824562073,
      0.08434358239173889,
      -7.487094402313232,
      -0.8081902265548706,
      9.346988677978516,
      16.00192642211914,
      20.204504013061523,
      25.655437469482422,
      36.884803771972656,
      18.664142608642578,
      8.490513801574707,
      12.010021209716797,
      10.220123291015625,
      6.8320631980896,
      -10.926464080810547,
      -12.303817749023438,
      -10.452323913574219,
      -5.596975326538086,
      -4.841212272644043,
      -4.170913219451904
    ],
    [
      16.81175994873047,
      16.839599609375,
      11.125871658325195,
      7.121453285217285,
      16.600040435791016,
      23.079456329345703,
      26.265155792236328,
      22.032638549804688,
      9.126596450805664,
      0.6669598817825317,
      -0.5843493342399597,
      12.75916576385498,
      11.569664001464844,
      8.38339900970459,
      6.717711448669434,
      3.6691434383392334,
      -7.153578758239746,
      -8.120660781860352,
      -5.318839073181152,
      -3.203030586242676,
      -8.385161399841309,
      -9.678665161132812
    ],
    [
      -27.044204711914062,
      -21.34531021118164,
      -16.28316307067871,
      -4.836187362670898,
      10.190908432006836,
      2.005512237548828,
      -7.300704479217529,
      -6.8136186599731445,
      2.2891104221343994,
      3.7670085430145264,
      1.9407844543457031,
      -9.144183158874512,
      -8.71414566040039,
      -4.443844795227051,
      -2.682272434234619,
      -0.22506141662597656,
      -9.506103515625,
      -11.145241737365723,
      -10.234939575195312,
      -10.204059600830078,
      -9.129502296447754,
      -10.879766464233398
    ],
    [
      0.21057501435279846,
      3.688567638397217,
      8.220376014709473,
      4.61506462097168,
      -8.862531661987305,
      -13.248978614807129,
      -10.064128875732422,
      -11.916150093078613,
      -19.391311645507812,
      -18.891624450683594,
      -17.32556915283203,
      -2.4899141788482666,
      4.380877494812012,
      4.939808368682861,
      -0.9846548438072205,
      -0.9080048203468323,
      14.118035316467285,
      16.567811965942383,
      16.77216911315918,
      15.840324401855469,
      21.191509246826172,
      18.30042266845703
    ],
    [
      -7.673613548278809,
      -4.286792755126953,
      0.2027934193611145,
      -6.5396575927734375,
      -7.1047587394714355,
      -2.7825982570648193,
      -1.1522302627563477,
      5.684904098510742,
      8.000426292419434,
      3.1670103073120117,
      7.5468268394470215,
      6.172702789306641,
      3.7591772079467773,
      1.9545164108276367,
      -3.702389717102051,
      -5.430360794067383,
      -25.62274169921875,
      -30.03011703491211,
      -29.002126693725586,
      -26.53738021850586,
      -19.199504852294922,
      -13.777070999145508
    ],
    [
      -0.00022846460342407227,
      5.13661003112793,
      8.873038291931152,
      1.6443473100662231,
      2.82338285446167,
      1.6831145286560059,
      3.43916916847229,
      6.495917320251465,
      8.77316665649414,
      11.701685905456543,
      14.321989059448242,
      14.917494773864746,
      12.060203552246094,
      10.44219970703125,
      0.5972455143928528,
      2.304900884628296,
      3.377166986465454,
      1.685183048248291,
      0.9511279463768005,
      -0.5201689600944519,
      -3.0622568130493164,
      -6.486760139465332
    ],
    [
      -1.1389375925064087,
      -3.151294469833374,
      -5.862764358520508,
      -3.0747342109680176,
      -2.1176185607910156,
      0.7898470163345337,
      0.4033351540565491,
      -3.678086280822754,
      -2.1532113552093506,
      -1.9560307264328003,
      -5.639658451080322,
      -8.627664566040039,
      -11.352714538574219,
      -8.967491149902344,
      1.5377792119979858,
      2.7793829441070557,
      1.6059281826019287,
      2.0192582607269287,
      1.5769169330596924,
      -6.120902061462402,
      -9.221015930175781,
      -2.629157304763794
    ]
  ],
  "sample_rate": 22050,
  "n_mfcc": 13,
  "shape": [
    13,
    22
  ]
}