{
  "question_id": 0,
  "text": "cookie",
  "mfcc": [
    [
      -102.67471313476562,
      -12.807452201843262,
      4.496406555175781,
      3.717946767807007,
      -5.435484409332275,
      -25.384082794189453,
      -80.2093276977539,
      -63.832969665527344,
      -48.50292205810547,
      -59.90073013305664,
      -67.17581176757812,
      -93.59745025634766,
      -134.611328125,
      -188.53334045410156,
      -223.78302001953125,
      -235.6065673828125,
      -267.605224609375,
      -321.1962890625,
      -348.7637634277344,
      -389.5420227050781
    ],
    [
      94.76344299316406,
      87.72462463378906,
      75.48875427246094,
      105.53699493408203,
      136.86212158203125,
      146.48583984375,
      124.01988983154297,
      22.800994873046875,
      6.448565483093262,
      27.671531677246094,
      70.87324523925781,
      97.74974060058594,
      107.44190979003906,
      102.39157104492188,
      92.38090515136719,
      83.07290649414062,
      99.81829833984375,
      131.01255798339844,
      126.31436157226562,
      108.10931396484375
    ],
    [
      -9.126965522766113,
      -12.834779739379883,
      -15.197399139404297,
      0.5231969952583313,
      -7.197671890258789,
      -16.224254608154297,
      -6.322415351867676,
      -23.88163185119629,
      -17.690231323242188,
      7.629352569580078,
      26.355098724365234,
      26.910776138305664,
      18.115657806396484,
      16.902809143066406,
      17.49749183654785,
      13.730767250061035,
      11.470684051513672,
      12.763608932495117,
      22.47765350341797,
      31.148006439208984
    ],
    [
      -50.995216369628906,
      -41.54328155517578,
      -26.068740844726562,
      -8.77133846282959,
      0.6560110449790955,
      4.744436264038086,
      5.357879638671875,
      27.903715133666992,
      29.157533645629883,
      52.82907485961914,
      82.16697692871094,
      96.38255310058594,
      99.06971740722656,
      97.13121032714844,
      94.863037109375,
      72.576171875,
      49.501731872558594,
      9.890754699707031,
      -5.757181167602539,
      -6.966330528259277
    ],
    [
      -18.57315444946289,
      -11.922527313232422,
      -3.2431182861328125,
      2.8607101440429688,
      -3.2994656562805176,
      -4.989200592041016,
      6.609101295471191,
      11.653674125671387,
      3.4338104724884033,
      18.82142448425293,
      12.960824966430664,
      4.606935024261475,
      9.349309921264648,
      13.926257133483887,
      22.936138153076172,
      23.58587646484375,
      5.902237892150879,
      -11.24039363861084,
      -15.872066497802734,
      -14.719018936157227
    ],
    [
      6.179413795471191,
      4.825653076171875,
      4.534255027770996,
      3.7034544944763184,
      -1.0960549116134644,
      -0.862072229385376,
      -4.441980361938477,
      -19.413448333740234,
      -24.882064819335938,
      -12.215270042419434,
      -10.924178123474121,
      -10.813267707824707,
      -12.962182998657227,
      -14.801803588867188,
      -13.76557445526123,
      -19.137882232666016,
      -29.954238891601562,
      -27.247167587280273,
      -13.366535186767578,
      -12.44351577758789
    ],
    [
      20.550857543945312,
      16.008255004882812,
      6.681752681732178,
      2.170872688293457,
      -0.33493754267692566,
      0.9939642548561096,
      4.760867118835449,
      -3.850863456726074,
      0.6698098182678223,
      9.43083667755127,
      7.027810096740723,
      10.78077507019043,
      17.94731903076172,
      20.31680679321289,
      13.083197593688965,
      -22.255359649658203,
      -31.755260467529297,
      -17.778949737548828,
      -9.424623489379883,
      -6.714737892150879
    ],
    [
      -1.548371434211731,
      -1.174302339553833,
      -7.45588493347168,
      -6.530990123748779,
      -1.8775087594985962,
      -3.452094316482544,
      -7.141633987426758,
      -2.081874370574951,
      1.3788421154022217,
      2.300407648086548,
      -9.189516067504883,
      -16.901676177978516,
      -18.229759216308594,
      -15.25834846496582,
      -7.841124534606934,
      4.951093673706055,
      6.033780097961426,
      3.930511236190796,
      7.154167652130127,
      3.9496779441833496
    ],
    [
      -20.326570510864258,
      -16.734821319580078,
      -14.098236083984375,
      -14.65454387664795,
      -13.324186325073242,
      -21.589393615722656,
      -18.418659210205078,
      -18.74858856201172,
      -20.197010040283203,
      -16.901010513305664,
      -9.102075576782227,
      -1.0043717622756958,
      2.706385612487793,
      3.984931468963623,
      0.9471578001976013,
      7.883588790893555,
      10.65383529663086,
      17.15220069885254,
      17.986347198486328,
      11.17869758605957
    ],
    [
      8.113962173461914,
      3.460892677307129,
      0.22200389206409454,
      -2.2849507331848145,
      -8.130570411682129,
      -14.264226913452148,
      -10.875843048095703,
      -8.493352890014648,
      -7.304923057556152,
      -6.073113918304443,
      -6.291914939880371,
      -12.085456848144531,
      -21.601722717285156,
      -31.039878845214844,
      -20.18271255493164,
      1.047374963760376,
      5.4576497077941895,
      3.6215548515319824,
      6.50996732711792,
      2.8752126693725586
    ],
    [
      -18.359045028686523,
      -13.586709976196289,
      -6.582147121429443,
      -11.594680786132812,
      -27.716785430908203,
      -32.932437896728516,
      -29.486438751220703,
      -14.628913879394531,
      -8.85444450378418,
      -18.53377342224121,
      -27.845172882080078,
      -21.022119522094727,
      -21.761337280273438,
      -19.693584442138672,
      -16.21339225769043,
      -16.842121124267578,
      -16.09099769592285,
      -13.40298843383789,
      -11.424503326416016,
      -12.964011192321777
    ],
    [
      14.951606750488281,
      18.464458465576172,
      15.841726303100586,
      13.908746719360352,
      13.85930061340332,
      14.393518447875977,
      17.02566146850586,
      13.210268020629883,
      12.398744583129883,
      -0.38918018341064453,
      3.1344025135040283,
      5.769765377044678,
      12.472795486450195,
      16.593721389770508,
      13.103351593017578,
      6.409608840942383,
      0.805063009262085,
      -11.880631446838379,
      -19.509929656982422,
      -18.102664947509766
    ],
    [
      -1.8084267377853394,
      -4.321763038635254,
      -7.9691057205200195,
      -5.391790390014648,
      6.139792442321777,
      6.702383041381836,
      -0.8661519885063171,
      -7.968723297119141,
      -4.954928874969482,
      -14.483790397644043,
      -29.235557556152344,
      -37.17365264892578,
      -28.831787109375,
      -24.719453811645508,
      -19.329586029052734,
      -19.708810806274414,
      -18.50697898864746,
      -20.026390075683594,
      -17.949909210205078,
      -13.485492706298828
    ]
  ],
  "sample_rate": 22050,
  "n_mfcc": 13,
  "shape": [
    13,
    20
  ]
}