{
  "question_id": 0,
  "text": "crayon",
  "mfcc": [
    [
      -194.84335327148438,
      -103.88209533691406,
      -44.13890838623047,
      -21.007184982299805,
      -23.561264038085938,
      -22.1191463470459,
      -38.18864822387695,
      -42.60218048095703,
      -42.010990142822266,
      -44.84684753417969,
      -55.82680130004883,
      -76.58484649658203,
      -53.61955642700195,
      -26.169483184814453,
      -11.16230583190918,
      -14.838382720947266,
      -39.7487907409668,
      -69.5589828491211,
      -89.56419372558594,
      -104.1868667602539,
      -138.93214416503906,
      -203.6366729736328,
      -262.6029052734375,
      -271.9788513183594,
      -283.1953430175781,
      -306.5771789550781,
      -331.45257568359375,
      -358.1297607421875,
      -386.896240234375
    ],
    [
      74.18455505371094,
      64.4867172241211,
      49.638031005859375,
      41.51838684082031,
      42.84105682373047,
      88.25201416015625,
      140.8558807373047,
      166.60595703125,
      144.2682342529297,
      121.24482727050781,
      109.76543426513672,
      82.06568145751953,
      94.00608825683594,
      126.21200561523438,
      144.20120239257812,
      148.1556854248047,
      151.64376831054688,
      152.75128173828125,
      147.51010131835938,
      130.82867431640625,
      137.20594787597656,
      146.5258026123047,
      143.52224731445312,
      139.55404663085938,
      145.40435791015625,
      142.25669860839844,
      139.29641723632812,
      138.74188232421875,
      124.07933044433594
    ],
    [
      -1.0533335208892822,
      -5.928537845611572,
      -25.081161499023438,
      -39.34990692138672,
      -46.89798355102539,
      -13.126300811767578,
      1.945303201675415,
      -30.504297256469727,
      -49.49189758300781,
      -53.53512191772461,
      -41.117645263671875,
      -20.763141632080078,
      -16.297073364257812,
      -22.156347274780273,
      -27.964481353759766,
      -29.6719970703125,
      -30.18535614013672,
      -30.773677825927734,
      -26.014469146728516,
      -12.776607513427734,
      -1.4537506103515625,
      8.687479019165039,
      15.806873321533203,
      7.9327569007873535,
      -0.26013392210006714,
      -1.735337257385254,
      -3.4198904037475586,
      1.416596531867981,
      3.220726490020752
    ],
    [
      -54.78861618041992,
      -42.74208068847656,
      -35.590274810791016,
      -37.94038391113281,
      -34.50599670410156,
      -14.591300964355469,
      -23.45652198791504,
      -27.769317626953125,
      -13.778428077697754,
      7.922985076904297,
      15.183418273925781,
      33.77618408203125,
      30.124919891357422,
      22.384626388549805,
      10.598543167114258,
      1.5781593322753906,
      -2.6728322505950928,
      -2.927875518798828,
      -0.664115309715271,
      7.94827127456665,
      19.30129623413086,
      34.95503234863281,
      43.07145690917969,
      31.926380157470703,
      15.034202575683594,
      1.8036220073699951,
      -6.415085315704346,
      -8.657617568969727,
      -8.167425155639648
    ],
    [
      -18.555389404296875,
      -5.116543769836426,
      -2.3954226970672607,
      -7.2360076904296875,
      -5.6891279220581055,
      0.776238203048706,
      -8.825959205627441,
      -4.312655925750732,
      1.7272424697875977,
      12.060608863830566,
      26.752145767211914,
      23.27359962463379,
      1.4645044803619385,
      -6.541817665100098,
      -9.891416549682617,
      -15.469891548156738,
      -26.59768295288086,
      -20.67596435546875,
      -8.479825973510742,
      1.3683111667633057,
      2.206113815307617,
      0.3207238018512726,
      13.268041610717773,
      26.291339874267578,
      22.674686431884766,
      12.045353889465332,
      -1.5518264770507812,
      -3.5855207443237305,
      -0.7256232500076294
    ],
    [
      -11.41595458984375,
      -2.107041358947754,
      3.7777981758117676,
      7.395522117614746,
      13.590398788452148,
      7.898504734039307,
      5.973921775817871,
      13.37979507446289,
      16.401691436767578,
      3.4659032821655273,
      -9.646665573120117,
      -15.765493392944336,
      -23.08740234375,
      -24.69990348815918,
      -18.747282028198242,
      -6.052167892456055,
      -0.09291905164718628,
      6.609427452087402,
      0.4184296131134033,
      -1.6745604276657104,
      3.161607265472412,
      9.318111419677734,
      10.988300323486328,
      23.925670623779297,
      21.601703643798828,
      21.265995025634766,
      16.854887008666992,
      14.015508651733398,
      10.804422378540039
    ],
    [
      25.432018280029297,
      12.351167678833008,
      8.609651565551758,
      7.350915908813477,
      8.802000999450684,
      -0.449249267578125,
      -1.9311684370040894,
      -9.209525108337402,
      -22.869434356689453,
      -39.816688537597656,
      -38.790889739990234,
      -30.96344757080078,
      -31.80816650390625,
      -33.769775390625,
      -24.112497329711914,
      -10.558989524841309,
      2.724681854248047,
      4.705642223358154,
      12.108675003051758,
      10.106599807739258,
      5.67042875289917,
      5.094353675842285,
      7.021727561950684,
      1.6632729768753052,
      -4.873618125915527,
      -3.174558639526367,
      -3.125777244567871,
      -10.882643699645996,
      -7.42296028137207
    ],
    [
      4.270285129547119,
      -0.00468897819519043,
      0.22585293650627136,
      2.1975293159484863,
      5.318722248077393,
      -2.611743688583374,
      -6.156336784362793,
      -12.00898265838623,
      -25.406543731689453,
      -18.612995147705078,
      -5.420349597930908,
      3.30362868309021,
      -5.427502155303955,
      -11.651078224182129,
      -14.440065383911133,
      -16.394168853759766,
      -18.317829132080078,
      -24.79332733154297,
      -32.95973205566406,
      -31.86716079711914,
      -21.73432731628418,
      -5.54838752746582,
      -1.337174654006958,
      -13.415703773498535,
      -20.001773834228516,
      -24.786685943603516,
      -22.771251678466797,
      -20.961450576782227,
      -17.2777042388916
    ],
    [
      -33.66405487060547,
      -33.37525939941406,
      -22.848875045776367,
      -16.906801223754883,
      -18.61278533935547,
      -30.062747955322266,
      -35.833473205566406,
      -45.097076416015625,
      -35.953338623046875,
      -14.921151161193848,
      -13.520269393920898,
      -9.458423614501953,
      -7.596657752990723,
      -1.6181542873382568,
      2.863025188446045,
      2.479886293411255,
      -3.8694264888763428,
      -2.9007906913757324,
      4.919066429138184,
      5.269503593444824,
      -4.383543014526367,
      -4.95790433883667,
      12.560193061828613,
      6.678987503051758,
      12.514249801635742,
      9.875519752502441,
      -4.034881591796875,
      -6.724226951599121,
      -5.103517532348633
    ],
    [
      6.068808555603027,
      -4.557529449462891,
      -11.88850212097168,
      -8.886934280395508,
      -8.853137969970703,
      -20.139602661132812,
      -15.547853469848633,
      -1.9846988916397095,
      8.858073234558105,
      9.98656940460205,
      -1.533772349357605,
      -10.99008560180664,
      -16.479799270629883,
      -11.845579147338867,
      -2.953281879425049,
      -0.5721103549003601,
      0.5663220882415771,
      8.35322380065918,
      11.408522605895996,
      13.669218063354492,
      3.1520442962646484,
      -3.219074249267578,
      -13.037426948547363,
      -16.69123649597168,
      -8.969524383544922,
      2.2564854621887207,
      -2.649610996246338,
      3.574563980102539,
      7.454442977905273
    ],
    [
      -38.90971755981445,
      -27.91948127746582,
      -23.055248260498047,
      -17.964921951293945,
      -9.479679107666016,
      -13.547372817993164,
      -12.95291519165039,
      -7.22403621673584,
      -9.936782836914062,
      -14.158533096313477,
