{
  "question_id": 0,
  "text": "cry",
  "mfcc": [
    [
      -190.05776977539062,
      -116.47396850585938,
      -60.556331634521484,
      -25.726377487182617,
      -14.344220161437988,
      -11.843040466308594,
      -21.42227554321289,
      -18.156702041625977,
      -34.607357025146484,
      -46.5682487487793,
      -56.032352447509766,
      -56.4487190246582,
      -47.601478576660156,
      -33.82240676879883,
      -30.438213348388672,
      -34.086734771728516,
      -61.6683235168457,
      -87.83026885986328,
      -95.4569320678711,
      -112.62140655517578,
      -120.87332916259766,
      -137.3950653076172,
      -175.07212829589844,
      -217.1759490966797,
      -258.3064880371094,
      -294.1432189941406,
      -330.49334716796875,
      -382.6748046875
    ],
    [
      86.43351745605469,
      81.32115173339844,
      65.02452087402344,
      54.44116973876953,
      49.88306427001953,
      89.08750915527344,
      142.8173828125,
      160.07797241210938,
      143.78610229492188,
      131.44566345214844,
      127.53825378417969,
      138.3109893798828,
      157.46788024902344,
      155.6376953125,
      162.1883544921875,
      164.59022521972656,
      170.33326721191406,
      170.09027099609375,
      163.46426391601562,
      152.109619140625,
      143.14871215820312,
      141.82049560546875,
      138.40060424804688,
      131.04074096679688,
      127.15335083007812,
      128.54849243164062,
      120.49516296386719,
      113.81196594238281
    ],
    [
      1.9154751300811768,
      -2.308307409286499,
      -16.12531089782715,
      -33.729095458984375,
      -48.60283660888672,
      -20.98077964782715,
      -5.53342342376709,
      -30.472511291503906,
      -40.95542526245117,
      -38.02690887451172,
      -45.22898864746094,
      -55.7012939453125,
      -61.3212890625,
      -56.14817428588867,
      -59.926025390625,
      -50.522560119628906,
      -38.20228576660156,
      -36.58820724487305,
      -44.8458251953125,
      -41.99468994140625,
      -33.6375732421875,
      -25.256946563720703,
      -19.368131637573242,
      -14.949952125549316,
      -13.857728004455566,
      -17.197021484375,
      -9.935602188110352,
      10.569936752319336
    ],
    [
      -61.70942306518555,
      -56.556495666503906,
      -46.315101623535156,
      -37.283050537109375,
      -39.50870895385742,
      -25.682979583740234,
      -21.8072452545166,
      -24.035837173461914,
      -20.603321075439453,
      -8.988649368286133,
      -3.5796399116516113,
      -2.7872250080108643,
      -3.768315553665161,
      -8.853682518005371,
      -7.463430404663086,
      -8.297380447387695,
      -9.746742248535156,
      -10.708414077758789,
      2.4672443866729736,
      19.42129898071289,
      21.12130355834961,
      30.021575927734375,
      38.04853057861328,
      38.659481048583984,
      23.545705795288086,
      8.530814170837402,
      -5.4876813888549805,
      -4.02743673324585
    ],
    [
      -9.71412467956543,
      -10.19011116027832,
      -5.417657852172852,
      1.2463245391845703,
      -7.256894111633301,
      -3.8772706985473633,
      5.728620529174805,
      10.502289772033691,
      2.1126351356506348,
      -6.996242523193359,
      -15.02297592163086,
      -28.80472755432129,
      -37.44972229003906,
      -36.243377685546875,
      -35.960792541503906,
      -33.5503044128418,
      -36.573726654052734,
      -31.198745727539062,
      -28.191423416137695,
      -24.320186614990234,
      -15.574246406555176,
      -5.276191234588623,
      5.860995292663574,
      18.52104949951172,
      20.112823486328125,
      10.964353561401367,
      5.451201438903809,
      3.1407582759857178
    ],
    [
      -24.599910736083984,
      -14.521202087402344,
      -2.8416190147399902,
      4.391481876373291,
      3.67470383644104,
      10.141646385192871,
      3.815674066543579,
      -4.6328325271606445,
      -6.840185165405273,
      -8.36795425415039,
      -6.203946113586426,
      -11.143486976623535,
      -10.376935958862305,
      -8.524333953857422,
      -5.5167694091796875,
      -2.459285259246826,
      3.0564451217651367,
      12.020305633544922,
      10.335541725158691,
      4.628558158874512,
      -8.260610580444336,
      -18.629451751708984,
      -13.070755004882812,
      -13.270797729492188,
      -9.124637603759766,
      -6.360788345336914,
      -15.698421478271484,
      -15.26186752319336
    ],
    [
      18.516464233398438,
      7.884205341339111,
      6.0891265869140625,
      6.027188777923584,
      -1.003768801689148,
      0.41070127487182617,
      -9.580693244934082,
      -12.684568405151367,
      -12.605924606323242,
      -12.574846267700195,
      -5.420396327972412,
      4.4989705085754395,
      9.679949760437012,
      12.016529083251953,
      10.829569816589355,
      11.526742935180664,
      13.820918083190918,
      8.596731185913086,
      8.212510108947754,
      10.034917831420898,
      -2.3365793228149414,
      -14.720388412475586,
      -18.439577102661133,
      -22.287960052490234,
      -21.819839477539062,
      -23.000160217285156,
      -26.87075424194336,
      -27.002573013305664
    ],
    [
      24.556095123291016,
      8.330973625183105,
      2.0715348720550537,
      4.0791120529174805,
      4.325544357299805,
      3.561765432357788,
      0.5713303089141846,
      2.499763011932373,
      5.492403030395508,
      7.926137924194336,
      7.596080780029297,
      5.2490973472595215,
      5.391009330749512,
      0.208452045917511,
      1.5788593292236328,
      5.420924186706543,
      -1.082177758216858,
      -16.474266052246094,
      -21.961076736450195,
      -22.5659122467041,
      -13.433246612548828,
      -8.243197441101074,
      -6.503236770629883,
      -1.21140718460083,
      6.709504127502441,
      9.488592147827148,
      6.3595476150512695,
      -7.729621410369873
    ],
    [
      -33.20625686645508,
      -23.23458480834961,
      -17.96538543701172,
      -20.289865493774414,
      -14.820687294006348,
      -16.66777801513672,
      -20.496315002441406,
      -24.09139633178711,
      -22.305435180664062,
      -19.54344940185547,
      -16.562501907348633,
      -6.790050983428955,
      -2.9309496879577637,
      -5.470849990844727,
      -5.255599021911621,
      -5.211385726928711,
      -3.9976625442504883,
      8.895133018493652,
      14.621012687683105,
      17.355588912963867,
      18.498821258544922,
      22.713268280029297,
      24.12851333618164,
      25.39242172241211,
      25.577816009521484,
      22.727115631103516,
      14.483749389648438,
      8.825183868408203
    ],
    [
      7.127956390380859,
      -1.7105059623718262,
      -9.178982734680176,
      -14.697209358215332,
      -10.307255744934082,
      -12.261653900146484,
      -13.150199890136719,
      -7.492316722869873,
      -0.002807319164276123,
      2.042064905166626,
      -1.1808485984802246,
      -12.873014450073242,
      -22.026676177978516,
      -18.635860443115234,
      -19.201702117919922,
      -20.904619216918945,
      -17.36163330078125,
      -17.25928497314453,
      -13.385095596313477,
      -6.044200897216797,
      3.171283006668091,
      0.4762570858001709,
      -3.4082865715026855,
      -1.9038896560668945,
      -2.4411206245422363,
      1.9148229360580444,
      9.780107498168945,
      18.562618255615234
    ],
    [
      -25.434040069580078,
      -22.802478790283203,
      -22.04983901977539,
      -20.931682586669922,
      -10.365943908691406,
      -4.258756637573242,
      -7.197902679443359,
      -3.4292359352111816,
      7.111527442932129,
      -0.09813304245471954,
      -2.175677537918091,
      4.647111415863037,
      13.150507926940918,
      12.326395034790039,
      12.579252243041992,
      15.230066299438477,
      14.355043411254883,
      10.503928184509277,
      7.085477828979492,
      8.281414985656738,
