{
  "question_id": 0,
  "text": "cup",
  "mfcc": [
    [
      -213.0592041015625,
      -24.652677536010742,
      29.53632164001465,
      31.47747230529785,
      45.73240280151367,
      52.69803237915039,
      34.31293869018555,
      -23.706932067871094,
      -151.57203674316406,
      -281.2088623046875,
      -331.75213623046875,
      -358.714599609375,
      -332.5827331542969,
      -127.36775970458984,
      -86.6300048828125,
      -152.331298828125,
      -220.25222778320312,
      -255.35130310058594,
      -277.2690734863281,
      -338.3821716308594
    ],
    [
      44.13751983642578,
      49.381752014160156,
      48.92609405517578,
      49.43670654296875,
      78.19305419921875,
      106.05043029785156,
      117.07574462890625,
      141.24948120117188,
      183.69219970703125,
      180.2399444580078,
      148.463623046875,
      138.42794799804688,
      83.00970458984375,
      44.009361267089844,
      52.381553649902344,
      66.42430114746094,
      81.88166046142578,
      89.05316925048828,
      80.27330017089844,
      83.38414001464844
    ],
    [
      -71.19261169433594,
      -53.471336364746094,
      -40.97767639160156,
      -38.19579315185547,
      -40.484214782714844,
      -47.14154052734375,
      -59.7239990234375,
      -62.072166442871094,
      -52.262969970703125,
      -20.23383903503418,
      -16.387081146240234,
      -11.058685302734375,
      1.21598482131958,
      -6.443055152893066,
      -5.223793029785156,
      -13.400748252868652,
      -31.572372436523438,
      -25.605976104736328,
      0.2685515880584717,
      7.987990379333496
    ],
    [
      7.202823638916016,
      -9.96578598022461,
      -16.738006591796875,
      -13.825666427612305,
      -12.148619651794434,
      -12.282175064086914,
      -12.905735969543457,
      -15.851346969604492,
      -15.54395866394043,
      -12.335739135742188,
      -16.681713104248047,
      -23.158672332763672,
      -11.077861785888672,
      7.991066932678223,
      9.73851490020752,
      10.26881217956543,
      11.97364616394043,
      6.749157428741455,
      -0.8340147137641907,
      4.18809175491333
    ],
    [
      38.522647857666016,
      31.296775817871094,
      20.870283126831055,
      13.681845664978027,
      1.5314464569091797,
      -22.687915802001953,
      -40.77741241455078,
      -52.58163833618164,
      -45.819732666015625,
      -18.140899658203125,
      -22.832630157470703,
      -21.611801147460938,
      -22.79639434814453,
      0.4515944719314575,
      5.049545764923096,
      8.869038581848145,
      3.646859645843506,
      1.7112641334533691,
      -0.9360414743423462,
      11.313692092895508
    ],
    [
      18.503515243530273,
      15.297992706298828,
      7.414750576019287,
      6.000478744506836,
      11.363655090332031,
      11.338224411010742,
      6.162186622619629,
      -1.30580735206604,
      -12.461812973022461,
      -7.058779716491699,
      -9.485430717468262,
      -2.897003173828125,
      -2.104569435119629,
      4.3647589683532715,
      5.728727340698242,
      5.35887336730957,
      -1.0435994863510132,
      -2.202302932739258,
      7.029540538787842,
      8.659640312194824
    ],
    [
      -22.88604736328125,
      -16.219926834106445,
      -12.354966163635254,
      -3.3808541297912598,
      12.399356842041016,
      19.804649353027344,
      21.314186096191406,
      21.71548843383789,
      16.471721649169922,
      18.597688674926758,
      13.055917739868164,
      12.265411376953125,
      19.061386108398438,
      12.263884544372559,
      8.303691864013672,
      -1.1953595876693726,
      -6.842113018035889,
      -12.047182083129883,
      -20.70166778564453,
      -23.696496963500977
    ],
    [
      -31.57506561279297,
      -24.53784942626953,
      -15.808591842651367,
      -2.4760398864746094,
      7.021015644073486,
      11.483823776245117,
      17.63186264038086,
      18.769630432128906,
      14.293831825256348,
      4.335210800170898,
      2.0575342178344727,
      3.7967400550842285,
      2.581371784210205,
      -9.14370346069336,
      -10.90969181060791,
      -11.898700714111328,
      -7.112369537353516,
      -2.129054069519043,
      -0.2669486403465271,
      -6.65476131439209
    ],
    [
      -9.511046409606934,
      -8.316607475280762,
      -3.061373472213745,
      5.728625774383545,
      0.8737930655479431,
      -9.56545639038086,
      -11.757615089416504,
      -13.603918075561523,
      -8.951763153076172,
      -8.339380264282227,
      -11.581989288330078,
      -14.379620552062988,
      -2.644106388092041,
      -9.697428703308105,
      -8.775967597961426,
      -5.745121479034424,
      -1.9655356407165527,
      -10.07522964477539,
      -21.318878173828125,
      -25.003307342529297
    ],
    [
      2.822683811187744,
      2.7833073139190674,
      6.371308326721191,
      13.785183906555176,
      13.192373275756836,
      5.702943325042725,
      1.5816830396652222,
      -2.6546106338500977,
      -10.055330276489258,
      1.995842695236206,
      1.1109153032302856,
      -3.9433863162994385,
      -0.5580078363418579,
      -6.0865960121154785,
      -1.5230529308319092,
      8.142921447753906,
      11.27448844909668,
      20.5194091796875,
      16.547809600830078,
      4.566157341003418
    ],
    [
      -14.333303451538086,
      -18.19371795654297,
      -19.02145767211914,
      -18.243797302246094,
      -21.00621223449707,
      -8.453518867492676,
      5.737658500671387,
      10.208261489868164,
      15.143439292907715,
      4.915986061096191,
      3.7615461349487305,
      5.237619400024414,
      -3.0635011196136475,
      -12.86164379119873,
      -9.0751953125,
      -1.1475330591201782,
      0.33784550428390503,
      0.7751835584640503,
      -7.850127696990967,
      -14.26162338256836
    ],
    [
      0.461958646774292,
      6.218103408813477,
      6.764057159423828,
      9.612894058227539,
      11.453907012939453,
      6.017084121704102,
      0.7133306264877319,
      1.172554850578308,
      7.977344036102295,
      9.54423999786377,
      2.7914304733276367,
      5.76894474029541,
      10.0374755859375,
      9.88776969909668,
      10.7498779296875,
      10.163715362548828,
      5.101099014282227,
      7.9088568687438965,
      11.342233657836914,
      11.103108406066895
    ],
    [
      2.450493335723877,
      2.7891831398010254,
      0.603075385093689,
      -1.952905297279358,
      -9.409159660339355,
      -12.75540542602539,
      -11.466897964477539,
      -9.726404190063477,
      -8.478322982788086,
      -10.658802032470703,
      -12.985420227050781,
      -8.153604507446289,
      -14.839731216430664,
      -12.992124557495117,
      -13.401958465576172,
      -14.289582252502441,
      -8.625722885131836,
      -15.026678085327148,
      -17.444276809692383,
      -10.52059555053711
    ]
  ],
  "sample_rate": 22050,
  "n_mfcc": 13,
  "shape": [
    13,
    20
  ]
}