{
  "question_id": 0,
  "text": "cupcake",
  "mfcc": [
    [
      -50.09126663208008,
      18.957073211669922,
      37.99656677246094,
      49.669673919677734,
      37.872920989990234,
      -2.6525628566741943,
      -119.0096435546875,
      -279.81707763671875,
      -170.17507934570312,
      -104.45288848876953,
      -154.27676391601562,
      -108.82722473144531,
      -33.80095672607422,
      -15.492644309997559,
      -9.775630950927734,
      5.088116645812988,
      7.284462928771973,
      -22.422544479370117,
      -67.13118743896484,
      -145.77911376953125,
      -234.80282592773438,
      -330.41070556640625,
      -377.8528747558594,
      -201.94552612304688,
      -81.35943603515625,
      -63.1865119934082,
      -102.96317291259766,
      -148.27178955078125,
      -194.0877685546875,
      -253.99461364746094,
      -344.19512939453125
    ],
    [
      55.042083740234375,
      54.02345657348633,
      58.189613342285156,
      92.29371643066406,
      127.57024383544922,
      150.40069580078125,
      171.98841857910156,
      159.30551147460938,
      56.471839904785156,
      46.78258514404297,
      51.88653564453125,
      9.152263641357422,
      1.4989149570465088,
      8.880020141601562,
      53.145263671875,
      93.97409057617188,
      106.82376861572266,
      105.50304412841797,
      105.43333435058594,
      111.08137512207031,
      95.85839080810547,
      93.02139282226562,
      105.22732543945312,
      43.21074295043945,
      31.923276901245117,
      34.96055221557617,
      33.50471878051758,
      39.98802947998047,
      59.17555236816406,
      71.00604248046875,
      78.03797912597656
    ],
    [
      -44.777523040771484,
      -32.32280731201172,
      -36.62359619140625,
      -38.271156311035156,
      -31.336275100708008,
      -28.501590728759766,
      -15.550016403198242,
      9.534490585327148,
      -6.447234153747559,
      -16.33322525024414,
      -20.783538818359375,
      -43.891929626464844,
      -35.31672668457031,
      -25.472675323486328,
      7.615081787109375,
      6.589371681213379,
      -2.9219980239868164,
      -11.670440673828125,
      -15.014873504638672,
      -1.171982765197754,
      24.826637268066406,
      42.96356964111328,
      34.526390075683594,
      -49.757415771484375,
      -54.62189483642578,
      -37.93138122558594,
      -19.49976348876953,
      -18.26698112487793,
      -14.171741485595703,
      -12.031442642211914,
      -10.352653503417969
    ],
    [
      4.999189376831055,
      -4.614266395568848,
      -9.430440902709961,
      -0.5994356870651245,
      1.7064776420593262,
      4.030549049377441,
      11.205513000488281,
      -8.679191589355469,
      -7.670901775360107,
      -6.966762542724609,
      -2.602522850036621,
      36.76906967163086,
      40.53981018066406,
      38.05278015136719,
      55.19465255737305,
      66.08747863769531,
      68.70359802246094,
      77.56907653808594,
      85.37562561035156,
      86.70039367675781,
      83.78050231933594,
      68.35865020751953,
      42.986366271972656,
      16.527786254882812,
      13.688802719116211,
      24.510486602783203,
      32.33912658691406,
      22.177696228027344,
      20.31125259399414,
      25.240272521972656,
      20.461605072021484
    ],
    [
      32.14352798461914,
      20.289819717407227,
      9.729410171508789,
      -3.7500510215759277,
      -22.634117126464844,
      -26.149242401123047,
      -29.25200080871582,
      -22.236282348632812,
      -9.127086639404297,
      -2.6099185943603516,
      1.0970911979675293,
      13.085747718811035,
      12.974248886108398,
      11.014045715332031,
      15.893180847167969,
      4.926509857177734,
      2.210819959640503,
      4.228122711181641,
      7.6697306632995605,
      16.584354400634766,
      27.783903121948242,
      23.619836807250977,
      14.457904815673828,
      35.34516906738281,
      26.108257293701172,
      24.207033157348633,
      18.053518295288086,
      13.72128963470459,
      14.417786598205566,
      7.450530052185059,
      6.486687183380127
    ],
    [
      -6.432740211486816,
      -2.9229581356048584,
      1.3380787372589111,
      0.9441430568695068,
      -4.772773742675781,
      -8.6300630569458,
      -14.872812271118164,
      -9.796754837036133,
      -4.942174911499023,
      5.413071632385254,
      5.915958404541016,
      -32.75212097167969,
      -29.83480453491211,
      -27.429773330688477,
      -23.767147064208984,
      -15.80217170715332,
      -13.403983116149902,
      -17.87578582763672,
      -22.92052459716797,
      -24.288297653198242,
      -17.471538543701172,
      -10.019872665405273,
      -9.067728042602539,
      -4.85232400894165,
      -20.44448471069336,
      -24.124813079833984,
      -22.79425048828125,
      -17.52345085144043,
      -16.495037078857422,
      -3.4470396041870117,
      4.634720802307129
    ],
    [
      1.1027061939239502,
      -6.512881755828857,
      -3.052816390991211,
      1.8806254863739014,
      2.259813070297241,
      -1.733500361442566,
      -1.768334984779358,
      0.9126141667366028,
      0.2859498858451843,
      12.851566314697266,
      18.63854217529297,
      9.164068222045898,
      7.103484153747559,
      4.0458173751831055,
      -1.9839179515838623,
      -14.316030502319336,
      -17.342430114746094,
      -8.099082946777344,
      3.383880138397217,
      7.922540664672852,
      4.776740550994873,
      -2.703795909881592,
      -7.341953277587891,
      -19.437637329101562,
      -18.77094268798828,
      -16.22946548461914,
      -16.51647186279297,
      -18.450428009033203,
      -17.481420516967773,
      -16.261695861816406,
      -7.096390724182129
    ],
    [
      -18.63846206665039,
      -14.814376831054688,
      -4.184757232666016,
      1.3865516185760498,
      5.038133144378662,
      3.2433483600616455,
      -1.0903565883636475,
      -5.938689231872559,
      -15.393710136413574,
      -12.773656845092773,
      -9.499919891357422,
      11.61884880065918,
      9.871892929077148,
      6.984921455383301,
      7.226736545562744,
      3.2810134887695312,
      -3.1610171794891357,
      -5.924795150756836,
      -8.206184387207031,
      -6.509127616882324,
      -5.387892246246338,
      -8.6834716796875,
      -6.797276020050049,
      -15.435565948486328,
      -12.246674537658691,
      -8.260467529296875,
      -9.247239112854004,
      -11.483820915222168,
      -7.585343360900879,
      -0.46485045552253723,
      5.329826354980469
    ],
    [
      -22.861473083496094,
      -14.402054786682129,
      -5.516319274902344,
      -6.36220121383667,
      -7.048689842224121,
      -12.98490047454834,
      -15.31065559387207,
      -21.40313720703125,
      -15.552599906921387,
      -15.913415908813477,
      -14.268874168395996,
      -8.953572273254395,
      -10.298975944519043,
      -7.776161193847656,
      -10.374347686767578,
      -15.773405075073242,
      -17.446090698242188,
      -16.170791625976562,
      -11.433618545532227,
      -13.132905960083008,
      -10.79837703704834,
      -22.238388061523438,
      -19.468021392822266,
      -6.79782247543335,
      -3.062947988510132,
      -4.246044635772705,
      -3.7574386596679688,
      -8.413695335388184,
      -10.104162216186523,
      3.3481576442718506,
      5.810051918029785
    ],
    [
      9.245964050292969,
      11.435094833374023,
      13.113855361938477,
      8.982616424560547,
      -1.031514048576355,
      -12.360304832458496,
      -16.81452751159668,
      -13.076971054077148,
      -0.871566891670227,
      -2.5057921409606934,
      -4.022327899932861,
      -7.80611515045166,
      -6.646041393280029,
      -6.301566123962402,
      -8.244158744812012,
      -14.888630867004395,
      -19.417884826660156,
      -21.14370346069336,
      -22.670154571533203,
      -25.173450469970703,
      -23.261707305908203,
