{
  "question_id": 0,
  "text": "dance",
  "mfcc": [
    [
      -72.82508087158203,
      5.106197357177734,
      12.550765991210938,
      -4.324253559112549,
      -9.830188751220703,
      -13.669052124023438,
      -5.235081672668457,
      -5.1911301612854,
      -12.56182861328125,
      -19.72003173828125,
      -27.082897186279297,
      -47.651817321777344,
      -81.93977355957031,
      -143.52206420898438,
      -238.27218627929688,
      -245.01446533203125,
      -187.17613220214844,
      -190.03192138671875,
      -193.89608764648438,
      -174.65457153320312,
      -158.75982666015625,
      -149.11083984375,
      -121.72151947021484,
      -110.30496215820312,
      -141.1759796142578,
      -214.38648986816406
    ],
    [
      68.2541275024414,
      91.61162567138672,
      98.9678726196289,
      77.05746459960938,
      73.80381774902344,
      79.08110809326172,
      88.08738708496094,
      93.99656677246094,
      105.39215850830078,
      118.97209167480469,
      122.75032043457031,
      133.8412322998047,
      148.96192932128906,
      172.67208862304688,
      181.9112548828125,
      92.89628601074219,
      20.88818359375,
      -32.481197357177734,
      -68.4393081665039,
      -72.84949493408203,
      -70.84991455078125,
      -68.07139587402344,
      -55.15315246582031,
      -37.815879821777344,
      -7.148792266845703,
      41.96153259277344
    ],
    [
      8.541956901550293,
      7.425682067871094,
      -3.1518754959106445,
      -17.504995346069336,
      -26.9958553314209,
      -28.482345581054688,
      -27.233457565307617,
      -22.9589786529541,
      -24.904634475708008,
      -29.02047348022461,
      -29.347854614257812,
      -32.101688385009766,
      -25.04452133178711,
      -9.449047088623047,
      9.272735595703125,
      42.0264892578125,
      48.98353576660156,
      56.75801086425781,
      44.076934814453125,
      33.082218170166016,
      28.561344146728516,
      24.38640785217285,
      22.184364318847656,
      6.4466753005981445,
      -7.804022789001465,
      -15.313776969909668
    ],
    [
      49.36976623535156,
      46.52375030517578,
      35.67070007324219,
      26.02094841003418,
      22.844839096069336,
      24.268146514892578,
      22.356773376464844,
      25.72954559326172,
      24.35249137878418,
      18.781112670898438,
      16.06842041015625,
      15.363283157348633,
      12.003217697143555,
      15.733040809631348,
      31.669998168945312,
      21.109622955322266,
      -7.124604225158691,
      -13.017992973327637,
      -3.614750385284424,
      -2.672564744949341,
      -7.029965400695801,
      -11.849066734313965,
      -4.60547399520874,
      1.5953670740127563,
      10.930899620056152,
      19.374805450439453
    ],
    [
      8.035408020019531,
      5.8463616371154785,
      6.623738765716553,
      10.35224437713623,
      13.33494758605957,
      16.353302001953125,
      12.310831069946289,
      12.14865493774414,
      13.42226791381836,
      22.19329071044922,
      25.963985443115234,
      24.666873931884766,
      34.96117401123047,
      40.76799011230469,
      38.46723556518555,
      30.76619529724121,
      14.559128761291504,
      12.16944408416748,
      17.047313690185547,
      7.395631790161133,
      7.044533729553223,
      2.926600694656372,
      -15.149957656860352,
      -13.492856979370117,
      -2.453963279724121,
      -0.7963874340057373
    ],
    [
      -1.1097569465637207,
      -11.54844856262207,
      -28.388408660888672,
      -37.58898162841797,
      -32.444190979003906,
      -25.803382873535156,
      -24.006473541259766,
      -25.13522720336914,
      -28.520408630371094,
      -28.17368507385254,
      -25.741580963134766,
      -24.049972534179688,
      -17.874065399169922,
      -5.903846740722656,
      6.085855484008789,
      12.013738632202148,
      2.706416606903076,
      0.6721205711364746,
      4.491514205932617,
      -0.14837932586669922,
      4.734066009521484,
      2.6901516914367676,
      -5.06498908996582,
      -6.786497116088867,
      -1.816424012184143,
      2.7740073204040527
    ],
    [
      6.249974250793457,
      0.13449464738368988,
      -14.509620666503906,
      -34.57148742675781,
      -29.6842098236084,
      -22.03490447998047,
      -21.541301727294922,
      -21.92131805419922,
      -13.250646591186523,
      0.5117912292480469,
      -3.9538118839263916,
      -1.5206977128982544,
      1.3287614583969116,
      -2.0569310188293457,
      -15.772603988647461,
      -0.098602294921875,
      3.982085943222046,
      -4.869619369506836,
      -5.908724308013916,
      -9.198408126831055,
      -5.627264022827148,
      -3.851484775543213,
      -6.699901580810547,
      -10.321669578552246,
      -8.673357009887695,
      -9.732170104980469
    ],
    [
      -17.394786834716797,
      -11.0330228805542,
      -2.160188674926758,
      5.649767875671387,
      13.78502368927002,
      14.840628623962402,
      17.381349563598633,
      16.59341812133789,
      9.040489196777344,
      -3.6098811626434326,
      -8.557242393493652,
      -14.28254222869873,
      -16.7606143951416,
      -18.60202407836914,
      -19.045127868652344,
      -6.4219651222229,
      1.8176380395889282,
      2.2333106994628906,
      2.633241653442383,
      0.47239404916763306,
      2.203768253326416,
      5.020820140838623,
      0.9321775436401367,
      -4.375802993774414,
      -5.240604400634766,
      -4.679348468780518
    ],
    [
      -9.615581512451172,
      -10.050140380859375,
      -10.785744667053223,
      -4.536751747131348,
      -1.231046438217163,
      -8.249990463256836,
      -6.1814985275268555,
      -3.9647064208984375,
      3.155031204223633,
      7.424618721008301,
      10.166465759277344,
      16.254545211791992,
      12.997020721435547,
      13.418566703796387,
      24.201831817626953,
      0.6610099077224731,
      -12.481266021728516,
      -14.158124923706055,
      -14.434974670410156,
      -8.305381774902344,
      -6.9795989990234375,
      -12.572821617126465,
      -8.76076889038086,
      -2.3554890155792236,
      6.039338111877441,
      11.1956148147583
    ],
    [
      -14.281131744384766,
      -17.965351104736328,
      -18.78754425048828,
      -13.664127349853516,
      -12.085611343383789,
      -15.554180145263672,
      -19.90875244140625,
      -23.846263885498047,
      -24.330005645751953,
      -19.287059783935547,
      -13.78841495513916,
      -9.694379806518555,
      -6.706569194793701,
      -9.307936668395996,
      -8.723631858825684,
      1.3666658401489258,
      -3.7069058418273926,
      -7.440201282501221,
      -5.802228927612305,
      2.2168121337890625,
      6.625709533691406,
      2.6497230529785156,
      4.046667098999023,
      4.752347946166992,
      6.406374931335449,
      11.303607940673828
    ],
    [
      -22.668670654296875,
      -18.09899139404297,
      -9.55521011352539,
      -2.828566312789917,
      -2.872568130493164,
      -7.102783679962158,
      -9.794196128845215,
      -13.878539085388184,
      -14.775690078735352,
      -15.079936981201172,
      -10.672615051269531,
      -2.50948429107666,
      1.7979133129119873,
      0.5822378396987915,
      -11.144027709960938,
      -18.74805450439453,
      -17.73023796081543,
      -21.194259643554688,
      -20.139686584472656,
      -16.39451789855957,
      -13.916936874389648,
      -10.531463623046875,
      -12.239109992980957,
      -14.88023853302002,
      -17.051345825195312,
      -17.813196182250977
    ],
    [
      5.073851585388184,
      9.687807083129883,
      17.67603302001953,
      16.631053924560547,
      13.00265121459961,
      9.927910804748535,
      12.011018753051758,
      9.178592681884766,
      1.105638027191162,
      -2.2657742500305176,
      -6.801451683044434,
      -13.612083435058594,
      -16.11431884765625,
      -15.51750659942627,
