{
  "question_id": 0,
  "text": "door",
  "mfcc": [
    [
      -114.29020690917969,
      -36.68632507324219,
      -43.37881851196289,
      -86.64694213867188,
      -119.6803207397461,
      -156.46649169921875,
      -153.59402465820312,
      -146.77471923828125,
      -149.3649139404297,
      -136.6906280517578,
      -114.20594024658203,
      -100.91654968261719,
      -100.26298522949219,
      -112.7705078125,
      -123.63600158691406,
      -144.9129180908203,
      -179.0389404296875,
      -229.42430114746094,
      -271.3515625,
      -298.4560546875,
      -331.1941833496094,
      -380.154296875
    ],
    [
      78.968505859375,
      97.99606323242188,
      121.6816177368164,
      132.38995361328125,
      142.84877014160156,
      140.8160400390625,
      141.85543823242188,
      158.2208251953125,
      166.4482421875,
      171.91156005859375,
      181.82315063476562,
      183.18862915039062,
      171.08181762695312,
      161.8305206298828,
      161.11984252929688,
      166.65451049804688,
      155.510986328125,
      139.50018310546875,
      130.33912658691406,
      115.89044189453125,
      104.67058563232422,
      96.23384094238281
    ],
    [
      -29.0410213470459,
      -13.986310005187988,
      -3.4640283584594727,
      -2.158446788787842,
      6.439687252044678,
      18.74484634399414,
      23.079099655151367,
      30.601224899291992,
      34.121482849121094,
      21.549259185791016,
      5.220040321350098,
      -6.576784133911133,
      -9.946026802062988,
      -1.4918453693389893,
      3.9338810443878174,
      8.74601936340332,
      6.78299617767334,
      -8.67270565032959,
      -21.399757385253906,
      -26.742210388183594,
      -18.69109535217285,
      -4.840096950531006
    ],
    [
      44.125545501708984,
      38.5515022277832,
      3.9167251586914062,
      -28.948448181152344,
      -23.440013885498047,
      -0.6255794763565063,
      14.939591407775879,
      18.694072723388672,
      16.139060974121094,
      10.502521514892578,
      -9.890955924987793,
      -29.903003692626953,
      -41.10028076171875,
      -49.12383270263672,
      -47.64286422729492,
      -45.7879638671875,
      -35.319793701171875,
      -19.919275283813477,
      -4.218776226043701,
      9.198709487915039,
      13.676193237304688,
      15.92474365234375
    ],
    [
      32.602725982666016,
      39.118988037109375,
      38.696380615234375,
      24.26849365234375,
      4.722263336181641,
      -5.273082733154297,
      -9.029647827148438,
      -17.55196189880371,
      -27.73617172241211,
      -22.17449951171875,
      -8.733125686645508,
      7.103067398071289,
      13.880308151245117,
      13.936580657958984,
      10.173952102661133,
      10.800320625305176,
      15.251665115356445,
      19.310321807861328,
      11.420233726501465,
      1.9468482732772827,
      -3.2190072536468506,
      5.555697441101074
    ],
    [
      -21.94247055053711,
      -16.442609786987305,
      -10.85836124420166,
      -16.587827682495117,
      -35.21813201904297,
      -45.30970001220703,
      -35.9267463684082,
      -42.87776184082031,
      -55.67749786376953,
      -56.42591094970703,
      -54.274085998535156,
      -41.42375183105469,
      -23.438135147094727,
      -5.752031326293945,
      2.3404221534729004,
      8.921300888061523,
      14.88248348236084,
      28.992229461669922,
      25.70117950439453,
      16.63109588623047,
      3.653013229370117,
      2.3004379272460938
    ],
    [
      19.093481063842773,
      15.198993682861328,
      15.416023254394531,
      18.091428756713867,
      15.76889705657959,
      8.491394996643066,
      4.102625370025635,
      0.6406737565994263,
      4.6413893699646,
      8.591328620910645,
      16.545148849487305,
      27.194564819335938,
      25.963783264160156,
      22.289897918701172,
      26.186077117919922,
      25.610769271850586,
      17.82682228088379,
      14.564651489257812,
      8.250727653503418,
      10.05398178100586,
      6.498756408691406,
      11.467645645141602
    ],
    [
      0.12793105840682983,
      -8.356207847595215,
      -12.545839309692383,
      -3.861710548400879,
      5.079766273498535,
      1.4275057315826416,
      -4.549112319946289,
      -4.564033508300781,
      -1.2358475923538208,
      3.748763084411621,
      8.943864822387695,
      -2.703430414199829,
      -22.027511596679688,
      -37.79576873779297,
      -46.814720153808594,
      -50.509864807128906,
      -38.848548889160156,
      -23.925617218017578,
      -9.299312591552734,
      -3.6459341049194336,
      -10.713043212890625,
      -15.212324142456055
    ],
    [
      -30.26068878173828,
      -36.13842010498047,
      -42.974952697753906,
      -35.61744689941406,
      -22.696308135986328,
      -28.776832580566406,
      -35.07513427734375,
      -35.06312561035156,
      -33.10718536376953,
      -17.164424896240234,
      -5.1534318923950195,
      -6.5778489112854,
      -13.088619232177734,
      -8.05080795288086,
      -5.576896667480469,
      -1.3401578664779663,
      0.9446765780448914,
      4.517736434936523,
      13.186639785766602,
      6.26716423034668,
      -7.687778949737549,
      -15.858314514160156
    ],
    [
      -9.789480209350586,
      -7.607174396514893,
      -13.301613807678223,
      -19.703580856323242,
      -4.491298198699951,
      15.864341735839844,
      18.449705123901367,
      16.78299331665039,
      14.23533821105957,
      14.00053882598877,
      -2.1861119270324707,
      -0.5605930089950562,
      10.529170036315918,
      17.764442443847656,
      24.606739044189453,
      27.341079711914062,
      34.0233154296875,
      32.97864532470703,
      22.765514373779297,
      12.969894409179688,
      7.776978492736816,
      3.347757339477539
    ],
    [
      -15.596077919006348,
      -20.799449920654297,
      -24.758487701416016,
      -34.01190185546875,
      -36.51144790649414,
      -30.650714874267578,
      -21.500045776367188,
      -21.172733306884766,
      -25.777196884155273,
      -33.8805046081543,
      -44.54056167602539,
      -49.57685852050781,
      -42.461082458496094,
      -31.469921112060547,
      -24.69617462158203,
      -30.499553680419922,
      -38.18720626831055,
      -37.91587829589844,
      -28.379487991333008,
      -14.668376922607422,
      -1.5315495729446411,
      3.5543832778930664
    ],
    [
      -4.385295867919922,
      -12.168586730957031,
      -4.681683540344238,
      2.0796525478363037,
      -6.983567714691162,
      -9.124855041503906,
      1.2719125747680664,
      0.3172105848789215,
      -4.128416538238525,
      -9.675457000732422,
      1.4291739463806152,
      22.183006286621094,
      33.362525939941406,
      34.67829132080078,
      29.686830520629883,
      29.660930633544922,
      24.580411911010742,
      16.55309295654297,
      18.41183090209961,
      15.289346694946289,
      8.4704008102417,
      -0.5639272928237915
    ],
    [
      -2.7630844116210938,
      -12.23807430267334,
      -13.991194725036621,
      -10.250849723815918,
      -12.290857315063477,
      -26.177698135375977,
      -25.534311294555664,
      -23.196697235107422,
      -26.364336013793945,
      -24.30980682373047,
      -7.707873821258545,
      3.52929949760437,
      8.11924934387207,
      2.517458200454712,
      -2.0528573989868164,
      -6.479103088378906,
      -2.4916434288024902,
      2.8505806922912598,
      6.356634140014648,
      4.939053535461426,
      -4.03165340423584,
      -17.240428924560547
    ]
  ],
  "sample_rate": 22050,
  "n_mfcc": 13,
  "shape": [
    13,
    22
  ]
}