{
  "question_id": 0,
  "text": "drink",
  "mfcc": [
    [
      -178.72213745117188,
      -86.84132385253906,
      -38.34938430786133,
      -25.936201095581055,
      -45.11518096923828,
      -36.52773666381836,
      -26.745567321777344,
      -22.753772735595703,
      -30.609798431396484,
      -46.11772155761719,
      -71.09171295166016,
      -133.67291259765625,
      -213.2974853515625,
      -262.42254638671875,
      -309.9136047363281,
      -239.1413116455078,
      -106.54747772216797,
      -93.38114166259766,
      -174.1347198486328,
      -252.5783233642578,
      -337.01458740234375
    ],
    [
      -0.8175903558731079,
      -34.83231735229492,
      -1.782677412033081,
      71.00357055664062,
      126.6192626953125,
      112.60508728027344,
      88.18576049804688,
      80.35674285888672,
      86.526123046875,
      95.40876007080078,
      100.09783935546875,
      119.68096923828125,
      166.02203369140625,
      176.3701629638672,
      155.46656799316406,
      70.60580444335938,
      23.458240509033203,
      22.969013214111328,
      33.05068588256836,
      44.04749298095703,
      58.535247802734375
    ],
    [
      -47.66370391845703,
      -54.627655029296875,
      -37.99383544921875,
      -18.563072204589844,
      -12.002766609191895,
      -28.622421264648438,
      -23.845867156982422,
      -18.404911041259766,
      -11.037503242492676,
      1.03410005569458,
      13.478713989257812,
      24.53944969177246,
      35.49388122558594,
      47.908451080322266,
      53.74768829345703,
      -4.412854194641113,
      -28.482242584228516,
      -20.77819061279297,
      4.9526472091674805,
      9.871280670166016,
      3.06337308883667
    ],
    [
      23.347978591918945,
      28.582111358642578,
      39.432456970214844,
      22.074687957763672,
      0.7234697341918945,
      12.925252914428711,
      34.98429489135742,
      40.456703186035156,
      39.39765548706055,
      44.73045349121094,
      43.37379837036133,
      32.96228790283203,
      20.609180450439453,
      24.837814331054688,
      42.32178497314453,
      36.07588577270508,
      14.680853843688965,
      18.005075454711914,
      31.105804443359375,
      41.965240478515625,
      41.45907211303711
    ],
    [
      8.451507568359375,
      10.567096710205078,
      31.07766342163086,
      29.78297233581543,
      33.56376266479492,
      38.181148529052734,
      37.283042907714844,
      34.10986328125,
      31.58200454711914,
      31.621152877807617,
      35.42588806152344,
      35.42205810546875,
      22.433290481567383,
      18.1634464263916,
      14.282806396484375,
      24.714447021484375,
      8.915558815002441,
      9.791004180908203,
      12.806452751159668,
      10.519554138183594,
      6.27226448059082
    ],
    [
      5.421412944793701,
      7.6653289794921875,
      18.059738159179688,
      17.329166412353516,
      6.625511169433594,
      3.9277596473693848,
      -11.614479064941406,
      -30.097412109375,
      -41.483192443847656,
      -52.02283477783203,
      -46.05891418457031,
      -30.048965454101562,
      -1.4535671472549438,
      5.499258041381836,
      10.309967994689941,
      8.493321418762207,
      -5.910464763641357,
      -6.083272457122803,
      -8.216551780700684,
      -17.683780670166016,
      -9.818635940551758
    ],
    [
      -18.36345672607422,
      -22.429790496826172,
      -23.65301513671875,
      -19.557132720947266,
      -9.718517303466797,
      -9.090877532958984,
      -16.906408309936523,
      -12.547269821166992,
      -3.4450347423553467,
      3.2960097789764404,
      8.3930082321167,
      7.072057247161865,
      -2.9276328086853027,
      -3.4314732551574707,
      -2.6211743354797363,
      -1.0073556900024414,
      -12.203927993774414,
      -11.838343620300293,
      -6.787497520446777,
      -10.146303176879883,
      -14.601892471313477
    ],
    [
      4.707326889038086,
      0.08136925101280212,
      -10.347860336303711,
      -16.430269241333008,
      -24.90277671813965,
      -29.784862518310547,
      -24.94032859802246,
      -7.670171737670898,
      1.5664538145065308,
      3.316415309906006,
      4.538144111633301,
      3.579930305480957,
      -1.4516630172729492,
      -5.455766201019287,
      -4.985761642456055,
      -0.8257871866226196,
      -9.750073432922363,
      -7.65799617767334,
      4.418200492858887,
      5.365013122558594,
      -0.06779386103153229
    ],
    [
      -9.346707344055176,
      -12.237709045410156,
      -21.69593048095703,
      -30.210063934326172,
      -29.677732467651367,
      -10.468477249145508,
      -0.17863082885742188,
      -0.14513123035430908,
      -6.525925636291504,
      -12.836268424987793,
      -14.119661331176758,
      -12.502067565917969,
      -2.3304741382598877,
      -0.061414554715156555,
      -1.5985300540924072,
      -8.110053062438965,
      -13.972262382507324,
      -12.38311767578125,
      -4.927340030670166,
      0.2259015589952469,
      -0.383978009223938
    ],
    [
      -10.709153175354004,
      -2.404606342315674,
      -1.8790019750595093,
      -5.027329921722412,
      -0.5161418914794922,
      -8.8798246383667,
      -12.251739501953125,
      -13.096724510192871,
      -16.153059005737305,
      -23.66965103149414,
      -25.724903106689453,
      -22.836605072021484,
      -16.879898071289062,
      -14.517597198486328,
      -14.751320838928223,
      -8.362184524536133,
      -12.228842735290527,
      -10.859288215637207,
      -6.9348344802856445,
      -5.547088146209717,
      -11.256223678588867
    ],
    [
      -20.71380615234375,
      -16.328445434570312,
      -14.11495590209961,
      -17.852432250976562,
      -30.295413970947266,
      -29.563854217529297,
      -18.892841339111328,
      -19.883647918701172,
      -28.715396881103516,
      -35.299808502197266,
      -30.221912384033203,
      -21.931428909301758,
      -11.665229797363281,
      -9.467645645141602,
      -8.972705841064453,
      -18.38848876953125,
      -23.471620559692383,
      -22.586301803588867,
      -13.964909553527832,
      -7.304556369781494,
      -14.800430297851562
    ],
    [
      -2.5451161861419678,
      -3.979519844055176,
      -9.31941032409668,
      -16.540355682373047,
      -14.615240097045898,
      -9.282350540161133,
      -3.3093433380126953,
      0.16404379904270172,
      2.3770906925201416,
      3.161501169204712,
      6.892627716064453,
      9.37166976928711,
      -2.1714537143707275,
      -9.650108337402344,
      -6.050178527832031,
      7.83336067199707,
      8.110570907592773,
      8.953855514526367,
      10.034387588500977,
      10.743047714233398,
      -2.4333181381225586
    ],
    [
      5.121889114379883,
      7.211740970611572,
      -1.6015596389770508,
      -9.556386947631836,
      -17.405162811279297,
      -13.089799880981445,
      1.803614616394043,
      6.782033920288086,
      -0.4316992163658142,
      -8.704357147216797,
      -16.5218563079834,
      -23.46289825439453,
      -16.30605697631836,
      -8.25479793548584,
      -3.6348676681518555,
      -12.670771598815918,
      -11.455141067504883,
      -7.868154525756836,
      -1.376201868057251,
      1.9890339374542236,
      2.290087938308716
    ]
  ],
  "sample_rate": 22050,
  "n_mfcc": 13,
  "shape": [
    13,
    21
  ]
}