{
  "question_id": 0,
  "text": "duck",
  "mfcc": [
    [
      -131.08021545410156,
      -16.763164520263672,
      13.303573608398438,
      11.235078811645508,
      6.0527262687683105,
      6.609391689300537,
      -0.8102123141288757,
      -39.03168869018555,
      -103.90974426269531,
      -178.4883575439453,
      -283.34088134765625,
      -336.65850830078125,
      -188.25038146972656,
      -93.86380767822266,
      -114.63469696044922,
      -226.9892578125,
      -317.12200927734375,
      -422.51861572265625
    ],
    [
      67.32099914550781,
      96.63272094726562,
      124.458251953125,
      132.79959106445312,
      137.27474975585938,
      141.3583221435547,
      144.627197265625,
      136.47325134277344,
      106.58602905273438,
      88.12350463867188,
      100.2737808227539,
      111.08536529541016,
      68.79380798339844,
      59.355743408203125,
      56.02313995361328,
      55.87938690185547,
      84.00318908691406,
      95.1295166015625
    ],
    [
      3.9463894367218018,
      -0.9588162302970886,
      -17.73676300048828,
      -43.878379821777344,
      -57.2932243347168,
      -52.307823181152344,
      -48.89575958251953,
      -43.2445068359375,
      -28.388221740722656,
      -11.903617858886719,
      4.736617088317871,
      15.189584732055664,
      -43.81418228149414,
      -54.96189880371094,
      -51.73882293701172,
      -30.363811492919922,
      -26.28554344177246,
      -11.95936107635498
    ],
    [
      81.66741943359375,
      57.51494216918945,
      14.356998443603516,
      -17.02652359008789,
      -25.249595642089844,
      -21.629732131958008,
      -13.040452003479004,
      -8.996110916137695,
      -5.757016181945801,
      -4.784147262573242,
      -3.299898147583008,
      -4.0474138259887695,
      4.458439826965332,
      2.696516752243042,
      5.495575904846191,
      14.588855743408203,
      15.619327545166016,
      11.910202026367188
    ],
    [
      -12.146596908569336,
      -3.810291290283203,
      3.1500487327575684,
      -9.988508224487305,
      -21.586116790771484,
      -22.84954071044922,
      -19.513141632080078,
      -11.92441177368164,
      -2.7077603340148926,
      -7.332498073577881,
      -15.033153533935547,
      -1.7968670129776,
      -2.9174885749816895,
      -10.05572509765625,
      -6.85601806640625,
      9.48895263671875,
      3.9901480674743652,
      1.6108795404434204
    ],
    [
      -10.826683044433594,
      -14.0509614944458,
      -14.411391258239746,
      -11.10850715637207,
      -7.018148422241211,
      -8.008995056152344,
      -6.224410057067871,
      -2.673602819442749,
      6.1309685707092285,
      17.528736114501953,
      11.19306755065918,
      3.803945302963257,
      4.754349708557129,
      -2.337509870529175,
      -2.5495529174804688,
      -0.6429105401039124,
      1.604362964630127,
      -1.605455994606018
    ],
    [
      5.351113319396973,
      -4.752058029174805,
      -10.608879089355469,
      -0.6483078002929688,
      8.645478248596191,
      13.94006061553955,
      26.232513427734375,
      38.66337585449219,
      38.423744201660156,
      24.150781631469727,
      9.69564437866211,
      17.572772979736328,
      -8.184623718261719,
      -11.172313690185547,
      -9.143386840820312,
      -14.623815536499023,
      -18.746065139770508,
      -16.264474868774414
    ],
    [
      -37.019554138183594,
      -38.824012756347656,
      -32.091426849365234,
      -17.704425811767578,
      -9.368144989013672,
      -3.5622386932373047,
      -2.2799651622772217,
      -4.647089004516602,
      -3.1613781452178955,
      -9.865568161010742,
      -12.814179420471191,
      -14.300284385681152,
      -23.422710418701172,
      -31.054710388183594,
      -30.966434478759766,
      -23.7021484375,
      -19.180723190307617,
      -16.668800354003906
    ],
    [
      -6.145791053771973,
      -4.110025405883789,
      -6.168089866638184,
      -8.156786918640137,
      -9.277215957641602,
      -9.967266082763672,
      -12.902105331420898,
      -6.5300750732421875,
      -5.593960285186768,
      -7.311247825622559,
      -10.642507553100586,
      -3.271470546722412,
      7.7699689865112305,
      2.973796844482422,
      2.8269693851470947,
      -0.5980625152587891,
      0.5168039798736572,
      8.870166778564453
    ],
    [
      1.5274289846420288,
      7.152004241943359,
      5.845990180969238,
      2.7590253353118896,
      0.28372135758399963,
      -3.2208023071289062,
      -1.2326745986938477,
      1.7900936603546143,
      18.35154914855957,
      24.690834045410156,
      13.481379508972168,
      2.1947145462036133,
      7.127067565917969,
      5.517971992492676,
      6.185323238372803,
      4.070958137512207,
      5.335330963134766,
      6.041203498840332
    ],
    [
      -23.429004669189453,
      -18.019227981567383,
      -7.563846588134766,
      3.185708999633789,
      2.0932700634002686,
      4.777665138244629,
      6.415215492248535,
      -0.011244714260101318,
      -15.017633438110352,
      -13.388370513916016,
      -10.228921890258789,
      -6.403645038604736,
      -25.155162811279297,
      -23.671001434326172,
      -19.34046173095703,
      -15.364348411560059,
      -12.058841705322266,
      -11.7661771774292
    ],
    [
      -3.7816243171691895,
      4.688782691955566,
      11.232807159423828,
      8.039825439453125,
      5.75303840637207,
      5.5914716720581055,
      0.3325732946395874,
      2.979633331298828,
      13.566418647766113,
      13.01715087890625,
      6.664340019226074,
      0.4325511157512665,
      -4.56818151473999,
      -2.343456983566284,
      3.2237062454223633,
      7.1628642082214355,
      1.3401575088500977,
      -6.759807586669922
    ],
    [
      -1.1739721298217773,
      -3.232874870300293,
      -13.84951400756836,
      -17.410106658935547,
      -22.233020782470703,
      -23.399263381958008,
      -20.931190490722656,
      -19.121200561523438,
      -17.779388427734375,
      -21.93062973022461,
      -18.750614166259766,
      -20.806873321533203,
      -2.883435010910034,
      0.48677223920822144,
      4.560516357421875,
      6.6943278312683105,
      -0.5303510427474976,
      -8.088460922241211
    ]
  ],
  "sample_rate": 22050,
  "n_mfcc": 13,
  "shape": [
    13,
    18
  ]
}