{
  "question_id": 0,
  "text": "eat",
  "mfcc": [
    [
      -133.3120880126953,
      -82.45597076416016,
      -77.96784210205078,
      -80.42732238769531,
      -100.73392486572266,
      -133.61842346191406,
      -179.5361785888672,
      -226.40911865234375,
      -271.2104187011719,
      -337.43951416015625,
      -397.31658935546875,
      -318.4703674316406,
      -84.16102600097656,
      -15.919391632080078,
      -24.92135238647461,
      -32.875244140625,
      -46.03471755981445,
      -85.73832702636719,
      -141.76321411132812,
      -203.2553253173828,
      -271.950927734375,
      -314.156005859375,
      -365.5368957519531
    ],
    [
      61.1265754699707,
      62.36170196533203,
      52.687828063964844,
      42.59986114501953,
      40.414268493652344,
      44.49346160888672,
      50.30134582519531,
      61.76299285888672,
      61.8559684753418,
      83.74038696289062,
      105.27334594726562,
      66.646240234375,
      -10.243502616882324,
      -37.15190124511719,
      -60.54060745239258,
      -44.78972625732422,
      -5.960196495056152,
      27.934864044189453,
      49.3549919128418,
      75.05199432373047,
      106.11083984375,
      106.42919158935547,
      103.18266296386719
    ],
    [
      45.538795471191406,
      34.133487701416016,
      13.88673210144043,
      13.428230285644531,
      21.55120086669922,
      38.68397521972656,
      58.956417083740234,
      68.16230010986328,
      64.8368148803711,
      53.278438568115234,
      43.1256103515625,
      -3.4076082706451416,
      -2.3322033882141113,
      4.476254463195801,
      -2.3101069927215576,
      -21.80369758605957,
      -24.768157958984375,
      -16.229476928710938,
      -13.452796936035156,
      -20.871368408203125,
      -26.03166961669922,
      -13.697211265563965,
      -0.4393565356731415
    ],
    [
      92.6759033203125,
      86.49961853027344,
      79.19564056396484,
      81.72354125976562,
      81.05194091796875,
      77.92742919921875,
      86.97380065917969,
      105.60316467285156,
      111.14202880859375,
      84.47146606445312,
      44.137359619140625,
      50.45403289794922,
      27.809751510620117,
      36.747154235839844,
      50.181121826171875,
      48.44012451171875,
      49.3205680847168,
      44.623558044433594,
      35.98036193847656,
      26.047962188720703,
      20.273826599121094,
      7.651730537414551,
      3.1147329807281494
    ],
    [
      10.83289909362793,
      9.02757453918457,
      9.441373825073242,
      16.344331741333008,
      16.958097457885742,
      10.74948787689209,
      -1.991255521774292,
      1.4789917469024658,
      -0.69718337059021,
      5.89048957824707,
      18.200284957885742,
      1.3642265796661377,
      -23.935571670532227,
      -28.44953155517578,
      -20.78787612915039,
      -21.853458404541016,
      -14.293863296508789,
      -8.151527404785156,
      -10.08568000793457,
      -8.284917831420898,
      -1.746219277381897,
      1.7968251705169678,
      0.3446385860443115
    ],
    [
      -1.3241238594055176,
      -9.314456939697266,
      -10.513612747192383,
      -11.603715896606445,
      -9.626392364501953,
      -6.238565444946289,
      0.34665316343307495,
      12.976568222045898,
      25.892248153686523,
      25.917936325073242,
      10.484258651733398,
      -2.67053484916687,
      -9.036345481872559,
      -6.198078155517578,
      -6.261316776275635,
      -14.818402290344238,
      -23.465946197509766,
      -30.27413558959961,
      -24.41510581970215,
      -16.61080551147461,
      -6.290968894958496,
      5.562849998474121,
      14.683433532714844
    ],
    [
      10.087621688842773,
      13.85957145690918,
      20.047313690185547,
      21.462364196777344,
      19.61920928955078,
      19.22531509399414,
      25.658878326416016,
      22.134593963623047,
      17.43853759765625,
      11.465587615966797,
      7.170246124267578,
      18.016117095947266,
      17.909198760986328,
      18.506092071533203,
      11.078289031982422,
      5.93747615814209,
      -1.3988854885101318,
      -8.522799491882324,
      -14.756752014160156,
      -18.015806198120117,
      -12.335341453552246,
      -2.0276408195495605,
      -3.2707324028015137
    ],
    [
      -12.333959579467773,
      -14.020526885986328,
      -10.199668884277344,
      -6.543940544128418,
      -5.624314308166504,
      -7.67320442199707,
      -11.0438871383667,
      -11.651895523071289,
      -10.550154685974121,
      -6.511302947998047,
      -3.1242661476135254,
      -9.079371452331543,
      -8.69251537322998,
      -7.774311065673828,
      -13.209456443786621,
      -16.774639129638672,
      -13.103315353393555,
      -4.733606815338135,
      -7.386804580688477,
      -17.55429458618164,
      -19.67923355102539,
      -18.014881134033203,
      -24.376583099365234
    ],
    [
      -0.8739291429519653,
      0.4632966220378876,
      -3.3121490478515625,
      -7.837706565856934,
      -6.437744617462158,
      -1.3724842071533203,
      -3.465791940689087,
      -1.8025826215744019,
      0.08874642848968506,
      2.747283935546875,
      -3.5756733417510986,
      -6.410826206207275,
      -10.905889511108398,
      -5.197869300842285,
      2.7264037132263184,
      4.871874809265137,
      -1.3162332773208618,
      -5.837258338928223,
      2.5369510650634766,
      6.530495643615723,
      2.1188852787017822,
      -2.587521553039551,
      -6.437347412109375
    ],
    [
      -19.765045166015625,
      -20.7073974609375,
      -17.227094650268555,
      -11.427922248840332,
      -14.336684226989746,
      -20.264179229736328,
      -13.92609977722168,
      -14.178573608398438,
      -14.444759368896484,
      -17.276042938232422,
      -6.969056129455566,
      -1.6982998847961426,
      -2.0254573822021484,
      1.853116512298584,
      6.777034759521484,
      7.283476829528809,
      7.956772327423096,
      13.374715805053711,
      17.392593383789062,
      13.634330749511719,
      14.535724639892578,
      15.745885848999023,
      12.258002281188965
    ],
    [
      -31.928211212158203,
      -31.272512435913086,
      -30.216270446777344,
      -30.60089874267578,
      -28.96327018737793,
      -25.39238739013672,
      -28.540306091308594,
      -33.2429084777832,
      -24.94852066040039,
      -12.12654972076416,
      -11.95650863647461,
      -22.559520721435547,
      -24.130348205566406,
      -21.0957088470459,
      -17.135868072509766,
      -13.895490646362305,
      -17.41335678100586,
      -13.614660263061523,
      -17.094463348388672,
      -16.390207290649414,
      -4.908539772033691,
      -4.868641376495361,
      -1.8844349384307861
    ],
    [
      -10.908675193786621,
      -5.830659866333008,
      -0.4809861183166504,
      -1.9180272817611694,
      -1.2409151792526245,
      5.449054718017578,
      6.011900424957275,
      9.380194664001465,
      1.3932366371154785,
      -6.010651588439941,
      -11.981374740600586,
      -2.144709348678589,
      -5.159110069274902,
      -0.46106356382369995,
      3.6509430408477783,
      2.9252848625183105,
      5.830053329467773,
      -0.7328892350196838,
      2.0431606769561768,
      3.0066890716552734,
      -2.9712095260620117,
      -9.07827377319336,
      -8.791833877563477
    ],
    [
      -15.930513381958008,
      -18.602100372314453,
      -15.900918960571289,
      -15.61198616027832,
      -20.35982894897461,
      -21.485557556152344,
      -18.235858917236328,
      -21.501150131225586,
      -18.962722778320312,
      -14.35323429107666,
      -13.770116806030273,
      -14.37972640991211,
      -17.93678092956543,
      -12.298421859741211,
      -5.597172737121582,
      -4.702653884887695,
      -2.843693256378174,
      -1.960510492324829,
      -2.5247530937194824,
      4.3398871421813965,
      0.1137947142124176,
      -5.171416282653809,
      -4.937935829162598
    ]
  ],