{
  "question_id": 0,
  "text": "forest",
  "mfcc": [
    [
      -349.2919616699219,
      -256.0516662597656,
      -132.4341583251953,
      -44.62479019165039,
      -57.39082717895508,
      -80.96714782714844,
      -85.00176239013672,
      -74.10240936279297,
      -50.32154083251953,
      -48.69451904296875,
      -53.32133865356445,
      -60.83930969238281,
      -63.9382438659668,
      -47.076255798339844,
      -53.662418365478516,
      -85.3160629272461,
      -128.7010498046875,
      -115.14678192138672,
      -100.01555633544922,
      -106.6675796508789,
      -115.44078063964844,
      -122.99349212646484,
      -135.46295166015625,
      -142.0853271484375,
      -185.5577850341797,
      -296.8503112792969,
      -385.0076904296875,
      -274.0736083984375,
      -179.06170654296875,
      -201.8641357421875,
      -332.0417785644531,
      -455.43267822265625
    ],
    [
      -3.7671313285827637,
      -19.18265724182129,
      15.067649841308594,
      96.69263458251953,
      146.3413848876953,
      154.83346557617188,
      150.41421508789062,
      144.7567138671875,
      159.16705322265625,
      170.3909912109375,
      179.9774169921875,
      179.84262084960938,
      163.27337646484375,
      144.77676391601562,
      144.28079223632812,
      141.10678100585938,
      99.93328857421875,
      21.849111557006836,
      -28.049102783203125,
      -56.76865768432617,
      -65.49272155761719,
      -66.07647705078125,
      -67.53587341308594,
      -68.73565673828125,
      -64.747314453125,
      -23.732961654663086,
      54.646995544433594,
      76.97085571289062,
      66.10771179199219,
      58.293113708496094,
      64.61168670654297,
      67.5109634399414
    ],
    [
      21.39276885986328,
      -0.7596819400787354,
      9.45974063873291,
      30.616989135742188,
      13.855608940124512,
      -17.671051025390625,
      -22.814964294433594,
      -25.983314514160156,
      -29.723384857177734,
      -28.2791748046875,
      -25.86241912841797,
      -31.191936492919922,
      -41.50758361816406,
      -33.89778518676758,
      -30.528812408447266,
      -23.630390167236328,
      2.050016403198242,
      17.587902069091797,
      14.596397399902344,
      15.065650939941406,
      19.160667419433594,
      23.939952850341797,
      23.434215545654297,
      20.476137161254883,
      29.2706356048584,
      44.945926666259766,
      37.96424102783203,
      -20.659595489501953,
      -29.908998489379883,
      -26.348037719726562,
      -20.175067901611328,
      10.30057144165039
    ],
    [
      29.876392364501953,
      32.204891204833984,
      24.516071319580078,
      11.465474128723145,
      0.3847512900829315,
      -10.986833572387695,
      -15.478988647460938,
      -14.982327461242676,
      -21.34339714050293,
      -33.70138931274414,
      -44.0229377746582,
      -40.072059631347656,
      -20.273155212402344,
      -6.276653289794922,
      4.499542713165283,
      16.435516357421875,
      34.048561096191406,
      39.4732666015625,
      36.2386474609375,
      28.488300323486328,
      24.634735107421875,
      18.646602630615234,
      12.123470306396484,
      17.899822235107422,
      33.39215087890625,
      40.866310119628906,
      35.003135681152344,
      36.76738739013672,
      43.70709228515625,
      54.44746398925781,
      64.12486267089844,
      22.76024055480957
    ],
    [
      10.086094856262207,
      13.448869705200195,
      5.322366237640381,
      -3.565119743347168,
      3.4791533946990967,
      6.028671741485596,
      6.636501312255859,
      3.550626754760742,
      3.046323776245117,
      8.291484832763672,
      22.42544174194336,
      25.67465591430664,
      30.629009246826172,
      29.12438201904297,
      31.982807159423828,
      33.29438018798828,
      16.670921325683594,
      2.5852408409118652,
      -10.616786003112793,
      -20.894756317138672,
      -23.09611701965332,
      -21.8284969329834,
      -18.24307632446289,
      -11.20744514465332,
      -2.5549657344818115,
      -0.7436649799346924,
      -5.892716407775879,
      -11.49163818359375,
      -22.849246978759766,
      -23.85074234008789,
      -14.037982940673828,
      8.34826946258545
    ],
    [
      -2.8280723094940186,
      -5.058782577514648,
      -11.669113159179688,
      -17.64440155029297,
      -20.259872436523438,
      -23.658584594726562,
      -32.64079284667969,
      -29.108497619628906,
      -21.920700073242188,
      -18.635547637939453,
      -14.520962715148926,
      -6.979955673217773,
      -6.572995662689209,
      -14.621820449829102,
      -23.89557647705078,
      -30.814992904663086,
      -11.621944427490234,
      1.6587131023406982,
      0.7802049517631531,
      6.68563985824585,
      7.267520427703857,
      6.260609149932861,
      9.519105911254883,
      4.584583282470703,
      0.9680386781692505,
      7.169384479522705,
      15.588624954223633,
      -19.508014678955078,
      -21.97524070739746,
      -18.245494842529297,
      -11.904358863830566,
      -5.380571365356445
    ],
    [
      -4.9402852058410645,
      3.1627955436706543,
      -3.280869483947754,
      -9.367252349853516,
      -8.14417552947998,
      -8.166287422180176,
      -5.235289096832275,
      3.2100918292999268,
      7.1717071533203125,
      12.486961364746094,
      11.635211944580078,
      4.627494812011719,
      -11.179807662963867,
      -13.066476821899414,
      -2.5708770751953125,
      7.010671138763428,
      1.460538625717163,
      6.955538749694824,
      5.535890102386475,
      1.0719226598739624,
      -7.854382038116455,
      -12.199260711669922,
      -12.647239685058594,
      -5.213035583496094,
      4.6836018562316895,
      10.133674621582031,
      -5.230810165405273,
      15.97083854675293,
      16.806062698364258,
      18.33279800415039,
      18.753311157226562,
      8.872421264648438
    ],
    [
      -1.305551528930664,
      -1.2212837934494019,
      -13.009742736816406,
      -18.69182586669922,
      -17.614784240722656,
      -9.900165557861328,
      -1.930966854095459,
      6.157606601715088,
      4.062747955322266,
      -5.048661231994629,
      -20.091930389404297,
      -35.30525207519531,
      -34.88520812988281,
      -34.663177490234375,
      -38.47096633911133,
      -36.400856018066406,
      -15.762003898620605,
      -5.150113105773926,
      -4.394003868103027,
      -12.398242950439453,
      -10.891794204711914,
      -3.8972039222717285,
      2.009882926940918,
      5.994200229644775,
      5.503650665283203,
      -1.809621810913086,
      9.98170280456543,
      -9.3093900680542,
      -16.11534881591797,
      -13.995416641235352,
      -11.765385627746582,
      -5.154046058654785
    ],
    [
      -5.702803611755371,
      -5.592909812927246,
      -9.03917121887207,
      -9.93758773803711,
      -14.954090118408203,
      -16.046161651611328,
      -10.829412460327148,
      -7.948006629943848,
      -7.4689226150512695,
      -16.705644607543945,
      -34.313873291015625,
      -26.138811111450195,
      -11.676496505737305,
      -5.409303188323975,
      4.788720607757568,
      9.374210357666016,
      6.521791458129883,
      0.7158987522125244,
      -0.43671268224716187,
      -7.629303932189941,
      -5.388787746429443,
      1.7231884002685547,
      -1.2022881507873535,
      -12.20388412475586,
      -11.12353515625,
      -8.129837036132812,
      -7.268392086029053,
      -16.71685028076172,
      -20.249813079833984,
      -21.36116600036621,
      -18.40166473388672,
      -12.647207260131836
    ],
    [
      1.8083505630493164,
      -1.292335033416748,
      -1.9692786931991577,
      0.6721471548080444,
      6.362924098968506,
      12.045157432556152,
      18.879159927368164,
      -0.4334907829761505,
      -15.891498565673828,
      -16.20013427734375,
      -3.8812413215637207,
      -5.028362274169922,
      -7.085168361663818,
