{
  "question_id": 0,
  "text": "fork",
  "mfcc": [
    [
      -332.77764892578125,
      -249.38690185546875,
      -188.95748901367188,
      -78.63416290283203,
      -45.86689376831055,
      -75.05120086669922,
      -95.0215072631836,
      -89.82099914550781,
      -63.50962829589844,
      -54.99376678466797,
      -69.76851654052734,
      -100.57440185546875,
      -146.43853759765625,
      -220.6412811279297,
      -305.2536926269531,
      -346.8650817871094,
      -383.64593505859375,
      -214.00717163085938,
      -133.49639892578125,
      -168.7755889892578,
      -291.228759765625,
      -379.7366943359375
    ],
    [
      -0.692646861076355,
      -22.929061889648438,
      -40.626869201660156,
      28.9224853515625,
      91.01826477050781,
      144.67230224609375,
      145.59515380859375,
      146.06439208984375,
      161.31683349609375,
      173.82208251953125,
      180.12759399414062,
      179.95077514648438,
      186.96636962890625,
      174.2107696533203,
      122.98949432373047,
      106.845458984375,
      117.81648254394531,
      107.51200103759766,
      102.15629577636719,
      97.72256469726562,
      86.95343017578125,
      95.58169555664062
    ],
    [
      -0.37644442915916443,
      -2.875723361968994,
      -0.1745731085538864,
      28.3211612701416,
      41.47484588623047,
      21.740201950073242,
      9.353263854980469,
      6.085732936859131,
      -3.141991138458252,
      -6.965434551239014,
      -16.00675392150879,
      -9.364126205444336,
      2.086167812347412,
      4.0717573165893555,
      14.01113510131836,
      26.950801849365234,
      25.587181091308594,
      -39.21284484863281,
      -39.582763671875,
      -30.892955780029297,
      -26.097734451293945,
      -18.352048873901367
    ],
    [
      34.07709503173828,
      38.6053581237793,
      33.693477630615234,
      19.350452423095703,
      10.149114608764648,
      4.339323997497559,
      4.920176982879639,
      -1.7853655815124512,
      -19.14706802368164,
      -25.844430923461914,
      -31.370365142822266,
      -26.15728759765625,
      -21.566200256347656,
      -8.69431209564209,
      -0.6157377362251282,
      9.610000610351562,
      15.740283966064453,
      14.11672592163086,
      13.168498039245605,
      13.677176475524902,
      14.787012100219727,
      17.99249839782715
    ],
    [
      16.519439697265625,
      3.892827272415161,
      4.556858062744141,
      4.003694534301758,
      1.7637479305267334,
      -4.64008092880249,
      -12.234829902648926,
      -10.500980377197266,
      -14.624502182006836,
      -14.814496994018555,
      4.578794002532959,
      9.78305435180664,
      15.879493713378906,
      17.375255584716797,
      16.049964904785156,
      5.783205032348633,
      4.002161026000977,
      -5.037599086761475,
      -9.226398468017578,
      -4.927310466766357,
      6.882384300231934,
      14.340644836425781
    ],
    [
      -3.159837484359741,
      7.971467971801758,
      7.925278663635254,
      -6.156252861022949,
      -13.544424057006836,
      -11.876431465148926,
      -8.032026290893555,
      -18.241485595703125,
      -26.4166259765625,
      -17.523714065551758,
      7.273067474365234,
      16.851993560791016,
      20.150287628173828,
      16.250715255737305,
      8.898301124572754,
      0.6512193083763123,
      1.8348286151885986,
      -4.321572303771973,
      -5.017983436584473,
      -1.2978285551071167,
      6.452146053314209,
      1.4695940017700195
    ],
    [
      -0.4966762661933899,
      1.1580051183700562,
      2.648642063140869,
      -8.304430961608887,
      -11.438714981079102,
      -7.832533836364746,
      -8.217921257019043,
      -2.9254496097564697,
      6.7152862548828125,
      12.762289047241211,
      16.464435577392578,
      12.292919158935547,
      11.16244888305664,
      3.5652120113372803,
      -9.492024421691895,
      -12.613981246948242,
      -11.335098266601562,
      -24.93349838256836,
      -24.131393432617188,
      -17.07632827758789,
      -13.729116439819336,
      -11.689827919006348
    ],
    [
      2.71669864654541,
      8.755489349365234,
      0.6006221771240234,
      -9.457269668579102,
      -14.958023071289062,
      -18.560060501098633,
      -12.138200759887695,
      -6.890743255615234,
      -7.717498779296875,
      -18.480976104736328,
      -45.570220947265625,
      -62.3726692199707,
      -69.38874053955078,
      -58.756858825683594,
      -31.914199829101562,
      -7.19529390335083,
      -11.595707893371582,
      -33.82679748535156,
      -31.03152847290039,
      -27.449180603027344,
      -21.291332244873047,
      -18.0417423248291
    ],
    [
      -5.043292045593262,
      -14.301717758178711,
      -24.454063415527344,
      -21.64448356628418,
      -22.640432357788086,
      -31.839263916015625,
      -34.77926254272461,
      -14.151285171508789,
      7.770709991455078,
      -0.5386955738067627,
      -17.211973190307617,
      -11.542013168334961,
      0.18403005599975586,
      -1.8969693183898926,
      -11.92951488494873,
      -12.889678955078125,
      -11.41387939453125,
      -10.871551513671875,
      -10.240546226501465,
      -7.139845848083496,
      5.031534194946289,
      7.44639778137207
    ],
    [
      4.772313117980957,
      4.040193557739258,
      -4.5705132484436035,
      -6.024302005767822,
      -3.4316630363464355,
      8.696455955505371,
      22.265270233154297,
      22.22736358642578,
      3.9828810691833496,
      -14.22747802734375,
      -10.591374397277832,
      2.5212526321411133,
      12.625898361206055,
      16.640514373779297,
      8.224737167358398,
      -4.328995704650879,
      -4.944397926330566,
      -0.0824490636587143,
      1.3938381671905518,
      1.7694284915924072,
      6.023232460021973,
      9.978800773620605
    ],
    [
      -4.918240547180176,
      -9.329360961914062,
      -13.467748641967773,
      -9.578285217285156,
      -3.5304203033447266,
      -4.022312164306641,
      -9.33488655090332,
      -16.873971939086914,
      -35.33245086669922,
      -39.119293212890625,
      -23.73419189453125,
      -17.90977668762207,
      -33.34492492675781,
      -30.571430206298828,
      -13.482181549072266,
      -10.238849639892578,
      -7.380877494812012,
      -9.611381530761719,
      -7.973263740539551,
      -7.424350738525391,
      -8.863401412963867,
      -4.812448978424072
    ],
    [
      6.977518081665039,
      11.847323417663574,
      6.412648677825928,
      -1.3486580848693848,
      -3.193521499633789,
      -2.0480220317840576,
      4.782893180847168,
      1.062250018119812,
      -2.1238341331481934,
      2.4051122665405273,
      -7.394092559814453,
      -12.111099243164062,
      -9.711138725280762,
      -11.281301498413086,
      -14.999458312988281,
      -15.907669067382812,
      -11.772518157958984,
      18.228103637695312,
      18.669517517089844,
      15.207673072814941,
      1.301689863204956,
      -0.4667479395866394
    ],
    [
      -7.923714637756348,
      1.0920004844665527,
      0.4627607762813568,
      -3.6034107208251953,
      -7.261170387268066,
      -3.3839876651763916,
      -1.7529759407043457,
      -11.74899673461914,
      -5.648707866668701,
      6.113384246826172,
      1.0077226161956787,
      -6.3806962966918945,
      2.3837006092071533,
      5.193256378173828,
      1.3005945682525635,
      -4.20454740524292,
      -9.011161804199219,
      -1.9969366788864136,
      0.16667401790618896,
      2.397268772125244,
      3.5017764568328857,
      -0.4392177164554596
    ]
  ],
  "sample_rate": 22050,
  "n_mfcc": 13,
  "shape": [
    13,
    22
  ]
}