{
  "question_id": 0,
  "text": "frog",
  "mfcc": [
    [
      -326.26806640625,
      -262.5129089355469,
      -184.65184020996094,
      -105.091552734375,
      -53.51161193847656,
      -64.19721984863281,
      -49.602935791015625,
      -37.359657287597656,
      -48.668758392333984,
      -60.34368896484375,
      -63.81939697265625,
      -50.33448028564453,
      -47.561767578125,
      -66.18157196044922,
      -81.79702758789062,
      -84.42051696777344,
      -92.46926879882812,
      -117.10452270507812,
      -185.32972717285156,
      -293.7391662597656,
      -274.6031494140625,
      -160.448486328125,
      -157.8289337158203,
      -263.6268310546875,
      -331.0953369140625,
      -358.97003173828125
    ],
    [
      -14.767151832580566,
      -32.82658386230469,
      -20.772518157958984,
      10.80690860748291,
      93.00625610351562,
      148.70628356933594,
      140.85414123535156,
      130.34988403320312,
      133.51754760742188,
      137.94667053222656,
      140.41806030273438,
      148.76556396484375,
      149.06019592285156,
      152.88795471191406,
      165.12237548828125,
      170.00711059570312,
      169.16656494140625,
      171.77529907226562,
      174.6988525390625,
      180.51438903808594,
      140.893798828125,
      105.7026138305664,
      101.31537628173828,
      103.72329711914062,
      98.45335388183594,
      85.08938598632812
    ],
    [
      0.8850748538970947,
      10.558159828186035,
      0.5591350197792053,
      5.6735053062438965,
      26.00912857055664,
      1.407679557800293,
      -22.577167510986328,
      -34.681793212890625,
      -38.29509353637695,
      -33.415462493896484,
      -28.13047218322754,
      -26.132095336914062,
      -26.355440139770508,
      -19.932910919189453,
      -20.202783584594727,
      -24.70426368713379,
      -27.148517608642578,
      -24.249862670898438,
      -8.669281005859375,
      26.315189361572266,
      -5.126184940338135,
      -41.46051788330078,
      -41.30978775024414,
      -25.16681671142578,
      -27.64130973815918,
      -22.131000518798828
    ],
    [
      32.162940979003906,
      33.964874267578125,
      5.521453380584717,
      -0.21157115697860718,
      -6.213997840881348,
      -17.623546600341797,
      -19.965272903442383,
      -20.52025604248047,
      -18.53562355041504,
      -13.821346282958984,
      -14.806900024414062,
      -15.262733459472656,
      -11.431550979614258,
      -9.207881927490234,
      -16.322345733642578,
      -22.27615737915039,
      -20.641551971435547,
      -14.176383018493652,
      -9.335918426513672,
      3.1648130416870117,
      33.349342346191406,
      33.408897399902344,
      30.63678741455078,
      35.14488983154297,
      42.38902282714844,
      28.964990615844727
    ],
    [
      12.848715782165527,
      4.419746398925781,
      -1.6767704486846924,
      -1.480823040008545,
      -8.81385612487793,
      3.956179141998291,
      -0.052386462688446045,
      -15.217596054077148,
      -30.39155387878418,
      -42.556182861328125,
      -49.56806564331055,
      -51.10839080810547,
      -50.644954681396484,
      -49.268310546875,
      -40.22972869873047,
      -28.381702423095703,
      -22.648578643798828,
      -10.978715896606445,
      -0.2489510029554367,
      1.7421749830245972,
      7.071595191955566,
      -0.7358039021492004,
      -0.02254563570022583,
      10.658889770507812,
      10.753349304199219,
      2.0575008392333984
    ],
    [
      7.435701370239258,
      1.3771817684173584,
      2.881742477416992,
      0.7410671710968018,
      -8.861587524414062,
      -17.419166564941406,
      -26.266324996948242,
      -30.57724380493164,
      -36.70063018798828,
      -42.082611083984375,
      -44.00394821166992,
      -46.680091857910156,
      -46.56565856933594,
      -50.62113571166992,
      -49.088375091552734,
      -41.91973114013672,
      -39.17095947265625,
      -32.42249298095703,
      -19.46418571472168,
      -2.2303805351257324,
      18.362598419189453,
      20.887544631958008,
      18.606510162353516,
      8.999723434448242,
      -6.061194896697998,
      -5.2386651039123535
    ],
    [
      8.351364135742188,
      12.830885887145996,
      8.910226821899414,
      2.772709608078003,
      2.988053321838379,
      5.506315231323242,
      15.301311492919922,
      14.762137413024902,
      26.118209838867188,
      34.11822509765625,
      39.5540771484375,
      37.5247802734375,
      25.638715744018555,
      31.34942626953125,
      37.32281494140625,
      43.80944061279297,
      47.2449951171875,
      38.66533660888672,
      28.165611267089844,
      24.5866756439209,
      10.404387474060059,
      -1.1691293716430664,
      -3.737386703491211,
      -1.5414079427719116,
      -1.0216031074523926,
      -3.2596325874328613
    ],
    [
      16.46612548828125,
      12.765165328979492,
      -1.7487306594848633,
      -2.223426103591919,
      0.6821793913841248,
      5.258410453796387,
      4.888715744018555,
      7.781702041625977,
      16.5731201171875,
      21.897838592529297,
      18.968059539794922,
      16.891599655151367,
      23.725814819335938,
      30.70403289794922,
      23.9265193939209,
      21.058307647705078,
      11.636794090270996,
      3.35332989692688,
      0.5817139148712158,
      -2.7919058799743652,
      -17.63350486755371,
      -17.513578414916992,
      -19.413022994995117,
      -10.108115196228027,
      -0.08261951804161072,
      0.7320820093154907
    ],
    [
      -3.462599754333496,
      -6.486981391906738,
      -15.304656982421875,
      -17.118276596069336,
      -25.091629028320312,
      -27.629718780517578,
      -10.770956039428711,
      -1.8144545555114746,
      -3.065481662750244,
      -7.304543495178223,
      -15.08239459991455,
      -10.52791976928711,
      -5.244800090789795,
      -5.246090412139893,
      -7.6272101402282715,
      -15.240907669067383,
      -18.83064079284668,
      -24.848758697509766,
      -36.13395690917969,
      -30.66893768310547,
      -6.002093315124512,
      -8.979779243469238,
      -9.753059387207031,
      0.3483912944793701,
      9.89639663696289,
      9.414690017700195
    ],
    [
      9.315788269042969,
      6.889997482299805,
      -2.03250789642334,
      -12.203252792358398,
      -24.252792358398438,
      -36.03584289550781,
      -31.207714080810547,
      -19.568361282348633,
      -16.895917892456055,
      -14.736733436584473,
      -10.475313186645508,
      -10.147439956665039,
      -12.938213348388672,
      -12.60862922668457,
      -11.452743530273438,
      -8.868961334228516,
      -11.43089485168457,
      -12.849998474121094,
      -14.173273086547852,
      -16.19876480102539,
      -3.2383720874786377,
      3.0531632900238037,
      2.1339614391326904,
      8.69097900390625,
      10.628662109375,
      8.587838172912598
    ],
    [
      -10.727895736694336,
      -11.174906730651855,
      -13.538043975830078,
      -22.12841796875,
      -32.596134185791016,
      -25.810897827148438,
      -16.529560089111328,
      -8.806449890136719,
      -9.850122451782227,
      -12.812846183776855,
      -13.917623519897461,
      -15.815996170043945,
      -20.392131805419922,
      -20.226966857910156,
      -15.635665893554688,
      -9.225170135498047,
      -0.5312748551368713,
      -1.2867472171783447,
      -3.101388692855835,
      1.2780051231384277,
      -14.893680572509766,
      -14.773824691772461,
      -13.850440979003906,
      -10.89572811126709,
      -5.518625259399414,
      -9.524288177490234
    ],
    [
      1.1793001890182495,
      -2.7163326740264893,
      -1.2955492734909058,
      -9.55904769897461,
      -13.459722518920898,
      -5.02366828918457,
      14.61385440826416,
      27.28679847717285,
      22.60009002685547,
      15.626325607299805,
      7.212005138397217,
      2.179116725921631,
      -2.7587432861328125,
