{
  "question_id": 0,
  "text": "hat",
  "mfcc": [
    [
      -302.8072204589844,
      -206.16549682617188,
      -152.30311584472656,
      -119.74950408935547,
      -59.65971755981445,
      1.1650643348693848,
      15.387369155883789,
      9.321637153625488,
      18.88801383972168,
      20.203386306762695,
      14.482656478881836,
      3.286907911300659,
      -31.192142486572266,
      -115.89926147460938,
      -250.17491149902344,
      -320.1624450683594,
      -356.76617431640625,
      -376.6979675292969,
      -381.70489501953125,
      -195.41038513183594,
      -132.3544158935547,
      -177.4848175048828,
      -276.5679626464844,
      -359.42529296875,
      -411.92041015625
    ],
    [
      118.70267486572266,
      113.8874282836914,
      101.53160095214844,
      94.11622619628906,
      121.18045806884766,
      120.19998168945312,
      115.09679412841797,
      125.56671905517578,
      125.44021606445312,
      127.01829528808594,
      128.89190673828125,
      123.02416229248047,
      115.63642883300781,
      104.24783325195312,
      97.6361083984375,
      119.27495574951172,
      115.97714233398438,
      107.06919860839844,
      94.8972396850586,
      50.859519958496094,
      38.71580505371094,
      30.255409240722656,
      47.933807373046875,
      82.38803100585938,
      85.02922821044922
    ],
    [
      -51.16255187988281,
      -70.06100463867188,
      -82.46035766601562,
      -85.63688659667969,
      -59.4285888671875,
      -60.70326232910156,
      -81.58848571777344,
      -94.83583068847656,
      -83.4114990234375,
      -73.88859558105469,
      -67.14143371582031,
      -58.95146179199219,
      -50.07870864868164,
      -41.94152069091797,
      -25.364818572998047,
      -19.463144302368164,
      -9.199702262878418,
      -1.482697606086731,
      -0.6462271213531494,
      -33.24107360839844,
      -26.859134674072266,
      -27.19664764404297,
      -42.675628662109375,
      -12.736841201782227,
      12.003902435302734
    ],
    [
      0.9788371324539185,
      8.7279691696167,
      12.47430419921875,
      11.895835876464844,
      16.038345336914062,
      13.252004623413086,
      10.89546012878418,
      12.935434341430664,
      7.974240303039551,
      7.620229244232178,
      11.858039855957031,
      9.361255645751953,
      2.0469470024108887,
      -6.459785461425781,
      -6.842922687530518,
      -5.975793838500977,
      -1.0592997074127197,
      4.259245872497559,
      11.156328201293945,
      31.345230102539062,
      33.599159240722656,
      40.30004119873047,
      35.406497955322266,
      20.98479461669922,
      24.288169860839844
    ],
    [
      -8.253604888916016,
      -20.87319564819336,
      -24.42160415649414,
      -22.147605895996094,
      -3.5712742805480957,
      -9.080936431884766,
      -18.471529006958008,
      -32.283199310302734,
      -27.33823013305664,
      -17.24648666381836,
      -10.263568878173828,
      0.6279155611991882,
      11.992012023925781,
      26.36695098876953,
      40.406280517578125,
      23.999374389648438,
      17.103160858154297,
      14.942943572998047,
      10.34770393371582,
      -11.386667251586914,
      -17.44485092163086,
      -16.233264923095703,
      -11.567344665527344,
      -0.4533933401107788,
      0.5055785775184631
    ],
    [
      -11.504159927368164,
      -12.909186363220215,
      -20.957908630371094,
      -19.345439910888672,
      7.344981670379639,
      25.027244567871094,
      33.10132598876953,
      33.221092224121094,
      21.4741268157959,
      18.134063720703125,
      16.651538848876953,
      14.478326797485352,
      2.555917739868164,
      -20.42397689819336,
      -27.52179718017578,
      -3.8945577144622803,
      9.288844108581543,
      11.413839340209961,
      4.196160316467285,
      -21.80055809020996,
      -15.070859909057617,
      -4.423996925354004,
      -0.17770004272460938,
      3.31780743598938,
      -3.6387388706207275
    ],
    [
      3.0567409992218018,
      -3.742990016937256,
      -12.161002159118652,
      -9.391176223754883,
      4.248038291931152,
      1.597843885421753,
      -2.1948394775390625,
      -6.543807029724121,
      -11.53736686706543,
      -15.009466171264648,
      -17.386863708496094,
      -19.356779098510742,
      -18.225364685058594,
      -13.15104866027832,
      -0.680687665939331,
      -11.180047035217285,
      -10.70117473602295,
      -7.210136890411377,
      -3.1386260986328125,
      14.902084350585938,
      9.522552490234375,
      1.401884913444519,
      -5.256889343261719,
      -5.912397861480713,
      -9.69202995300293
    ],
    [
      -3.748051166534424,
      -6.492093086242676,
      -1.2830229997634888,
      -0.8380714058876038,
      4.017347812652588,
      4.353786468505859,
      4.5397539138793945,
      5.469414710998535,
      -3.5857491493225098,
      -6.247235298156738,
      -1.7081851959228516,
      -1.2077326774597168,
      0.3337132930755615,
      0.3712124228477478,
      -0.8862032890319824,
      -5.341899871826172,
      -6.671443939208984,
      -0.7398269176483154,
      -4.628965377807617,
      -18.737422943115234,
      -15.927396774291992,
      -14.64204216003418,
      -10.471256256103516,
      -4.325071334838867,
      -2.886308193206787
    ],
    [
      -3.9766221046447754,
      -2.8787336349487305,
      -3.963524341583252,
      1.3524529933929443,
      0.0031556785106658936,
      -10.321524620056152,
      -20.009159088134766,
      -27.975238800048828,
      -25.904375076293945,
      -22.754234313964844,
      -16.270198822021484,
      -5.142068386077881,
      4.644820690155029,
      4.2426228523254395,
      -5.1353044509887695,
      -3.98649263381958,
      -6.556609630584717,
      -5.5250959396362305,
      -3.3800299167633057,
      9.64561939239502,
      11.55956745147705,
      16.16992950439453,
      16.44894790649414,
      11.641399383544922,
      8.582468032836914
    ],
    [
      -3.22050142288208,
      -3.2099714279174805,
      -4.666177749633789,
      -1.7617554664611816,
      2.9174935817718506,
      12.584251403808594,
      23.756223678588867,
      30.57071304321289,
      23.440372467041016,
      13.79728889465332,
      6.315792083740234,
      -1.5948771238327026,
      -4.293702125549316,
      3.771045684814453,
      8.543173789978027,
      -0.32774752378463745,
      -0.05230891704559326,
      -5.482197284698486,
      1.0719802379608154,
      -2.166248321533203,
      1.2543057203292847,
      8.0934419631958,
      8.715574264526367,
      1.3622732162475586,
      0.11282026767730713
    ],
    [
      -5.6606855392456055,
      -3.2622416019439697,
      -5.625703811645508,
      -5.753324508666992,
      -9.421015739440918,
      -12.288084983825684,
      -15.610079765319824,
      -21.5988826751709,
      -22.163604736328125,
      -22.89807891845703,
      -18.879432678222656,
      -15.350737571716309,
      -13.08458137512207,
      -12.947244644165039,
      -19.793241500854492,
      -13.13117790222168,
      -10.622453689575195,
      -8.002817153930664,
      -8.255809783935547,
      13.008331298828125,
      11.205367088317871,
      -0.22751474380493164,
      -18.876720428466797,
      -13.81673812866211,
      -5.4922285079956055
    ],
    [
      1.7955873012542725,
      8.086067199707031,
      12.000269889831543,
      12.088064193725586,
      10.403263092041016,
      6.083358287811279,
      7.3274431228637695,
      10.462319374084473,
      10.8319091796875,
      9.82455062866211,
      7.096279144287109,
      4.136605739593506,
      2.8885512351989746,
      0.21813565492630005,
      0.07190060615539551,
      -0.8738514184951782,
      -1.0419844388961792,
      -5.800109386444092,
      -6.699369430541992,
      20.198097229003906,
      24.60175323486328,
      19.818805694580078,
      0.05827963352203369,
      -6.741003036499023,
