{
  "question_id": 0,
  "text": "honey",
  "mfcc": [
    [
      -372.6403503417969,
      -265.98516845703125,
      -202.47100830078125,
      -170.04554748535156,
      -102.84156799316406,
      -29.205188751220703,
      -12.561240196228027,
      -21.87213706970215,
      -26.95381736755371,
      -65.10466003417969,
      -117.57361602783203,
      -78.93310546875,
      -49.31230926513672,
      -54.07611846923828,
      -86.87115478515625,
      -137.21685791015625,
      -172.32376098632812,
      -212.62960815429688,
      -254.90626525878906,
      -294.5921325683594,
      -328.791259765625,
      -364.91912841796875,
      -385.2525329589844,
      -405.88214111328125
    ],
    [
      99.97554016113281,
      111.26329803466797,
      102.84794616699219,
      89.80903625488281,
      127.282958984375,
      133.49449157714844,
      110.28024291992188,
      90.95822143554688,
      96.855224609375,
      119.62139892578125,
      154.65823364257812,
      143.02978515625,
      119.40377807617188,
      100.35613250732422,
      101.57083892822266,
      107.89990234375,
      97.9209976196289,
      82.74259948730469,
      82.96821594238281,
      75.57246398925781,
      77.16078186035156,
      86.33638763427734,
      84.92018127441406,
      78.77104187011719
    ],
    [
      -13.298751831054688,
      -50.417320251464844,
      -61.45282745361328,
      -66.63104248046875,
      -30.838855743408203,
      -21.81719970703125,
      -24.684030532836914,
      -22.830974578857422,
      -14.16861343383789,
      -9.514097213745117,
      -13.337039947509766,
      -22.38396644592285,
      -13.592432975769043,
      -2.89540433883667,
      9.192078590393066,
      22.881187438964844,
      40.56153106689453,
      48.189449310302734,
      44.01182174682617,
      24.658830642700195,
      13.742574691772461,
      5.280330657958984,
      7.819616317749023,
      9.058162689208984
    ],
    [
      -5.363574504852295,
      1.5622191429138184,
      1.6058415174484253,
      -8.649892807006836,
      3.877145528793335,
      5.2969069480896,
      2.647655963897705,
      7.108631610870361,
      19.338748931884766,
      20.456483840942383,
      19.750465393066406,
      34.74360656738281,
      44.43353271484375,
      56.161277770996094,
      64.77849578857422,
      63.83538818359375,
      66.16451263427734,
      78.55416870117188,
      76.69415283203125,
      65.28136444091797,
      52.40377426147461,
      42.571006774902344,
      26.205341339111328,
      17.16417694091797
    ],
    [
      -9.423171997070312,
      -23.61880111694336,
      -25.882614135742188,
      -32.926727294921875,
      -14.156492233276367,
      -16.01531982421875,
      -13.511394500732422,
      -6.028441905975342,
      8.274799346923828,
      19.368791580200195,
      25.432153701782227,
      32.114871978759766,
      25.42319107055664,
      18.889022827148438,
      23.694015502929688,
      29.68572235107422,
      30.253501892089844,
      28.588510513305664,
      24.335750579833984,
      17.04037094116211,
      9.404102325439453,
      10.61529541015625,
      6.565040588378906,
      2.069594621658325
    ],
    [
      3.333137273788452,
      -2.1877658367156982,
      -3.6076507568359375,
      -1.9028757810592651,
      7.110609531402588,
      3.4590463638305664,
      4.5133185386657715,
      4.057365417480469,
      4.767690658569336,
      4.671065330505371,
      -2.40193772315979,
      -23.3699951171875,
      -32.430423736572266,
      -41.59681701660156,
      -49.82859802246094,
      -63.09223175048828,
      -55.813751220703125,
      -48.11076354980469,
      -35.083457946777344,
      -14.560853004455566,
      -14.153119087219238,
      -16.510391235351562,
      -13.104668617248535,
      -6.838817596435547
    ],
    [
      24.137781143188477,
      23.670711517333984,
      24.354354858398438,
      26.25604248046875,
      28.912796020507812,
      19.765052795410156,
      13.860453605651855,
      7.537762641906738,
      -0.8381136655807495,
      -3.7831060886383057,
      3.2063968181610107,
      5.523504257202148,
      4.901039123535156,
      2.3965699672698975,
      2.0346741676330566,
      16.581424713134766,
      26.146278381347656,
      27.728179931640625,
      26.840290069580078,
      23.531801223754883,
      13.19255256652832,
      1.0760085582733154,
      -7.616208553314209,
      -4.264317512512207
    ],
    [
      -9.435405731201172,
      -14.80051040649414,
      -20.899330139160156,
      -24.26342010498047,
      -10.351472854614258,
      -2.170048475265503,
      -3.8992552757263184,
      -4.237681865692139,
      -5.322204113006592,
      -5.583504676818848,
      -19.700702667236328,
      -7.930078506469727,
      3.5416908264160156,
      11.322375297546387,
      11.520849227905273,
      10.698824882507324,
      11.635066986083984,
      13.338979721069336,
      13.292726516723633,
      17.252490997314453,
      16.72293472290039,
      10.114524841308594,
      1.9395482540130615,
      -0.6057388782501221
    ],
    [
      -16.809925079345703,
      -18.49282455444336,
      -25.934154510498047,
      -28.83535385131836,
      -24.088573455810547,
      -20.20098114013672,
      -21.8458251953125,
      -21.432601928710938,
      -17.018823623657227,
      -6.103734016418457,
      -0.9208883047103882,
      -6.049213409423828,
      -9.912875175476074,
      -10.435394287109375,
      -13.10366439819336,
      -19.646469116210938,
      -23.652891159057617,
      -19.35172462463379,
      -18.926406860351562,
      -12.05787467956543,
      -13.599409103393555,
      -8.816575050354004,
      -1.8744256496429443,
      -3.9478321075439453
    ],
    [
      1.2029095888137817,
      6.58176851272583,
      14.49472427368164,
      20.029556274414062,
      17.055744171142578,
      7.072427749633789,
      9.704398155212402,
      21.591659545898438,
      26.415311813354492,
      22.60926628112793,
      9.329278945922852,
      -1.805023193359375,
      -12.650945663452148,
      -14.942981719970703,
      -14.540740966796875,
      -6.40506649017334,
      -4.173356056213379,
      -4.175148963928223,
      2.2597312927246094,
      2.853732109069824,
      -3.5678975582122803,
      -10.97531509399414,
      -6.173836708068848,
      -1.4696036577224731
    ],
    [
      -5.693126678466797,
      -3.318220615386963,
      -4.104462623596191,
      -1.2139495611190796,
      -2.6067256927490234,
      0.3529561758041382,
      4.028384208679199,
      4.895218849182129,
      1.2518343925476074,
      -3.8511061668395996,
      -14.705069541931152,
      -29.67022132873535,
      -27.2142333984375,
      -21.247631072998047,
      -21.006614685058594,
      -31.7614688873291,
      -25.744369506835938,
      -24.764503479003906,
      -16.269657135009766,
      -2.7793397903442383,
      -1.3624951839447021,
      -4.051331996917725,
      -3.3753223419189453,
      -1.634796380996704
    ],
    [
      6.39613151550293,
      6.579266548156738,
      7.907155990600586,
      4.633694171905518,
      3.0572192668914795,
      1.6020090579986572,
      -8.993171691894531,
      -13.235780715942383,
      -13.321393966674805,
      -14.12813663482666,
      -9.757475852966309,
      -4.641329765319824,
      3.222968578338623,
      7.070465087890625,
      12.780829429626465,
      24.67287826538086,
      23.523468017578125,
      18.313770294189453,
      8.509400367736816,
      5.347376823425293,
      1.876786470413208,
      0.7708046436309814,
      4.321808815002441,
      2.775357246398926
    ],
    [
      10.894332885742188,
      6.523137092590332,
      -1.751067876815796,
      -9.364997863769531,
      -14.365089416503906,
      -11.786992073059082,
      -13.958551406860352,
      -22.04486083984375,
      -28.895801544189453,
      -33.66798400878906,
      -32.24106216430664,
      -17.61737823486328,
