{
  "question_id": 0,
  "text": "horse",
  "mfcc": [
    [
      -380.7939453125,
      -312.89422607421875,
      -278.8423767089844,
      -268.6370849609375,
      -167.2738494873047,
      -90.56747436523438,
      -80.6592788696289,
      -74.53199768066406,
      -53.794639587402344,
      -51.585205078125,
      -45.831546783447266,
      -51.01454544067383,
      -85.86819458007812,
      -82.82495880126953,
      -70.12799835205078,
      -73.19725799560547,
      -79.94259643554688,
      -92.74136352539062,
      -109.99406433105469,
      -116.78205871582031,
      -123.04467010498047,
      -131.96875,
      -136.04444885253906,
      -132.83383178710938,
      -141.71090698242188,
      -176.9049530029297,
      -268.4182434082031,
      -354.6701354980469,
      -418.3336181640625
    ],
    [
      111.73277282714844,
      104.1278076171875,
      104.71815490722656,
      110.19503784179688,
      172.7671356201172,
      175.4346923828125,
      159.32125854492188,
      166.4918975830078,
      179.02960205078125,
      176.15707397460938,
      164.11981201171875,
      157.7698974609375,
      152.82252502441406,
      84.2396240234375,
      -5.256862640380859,
      -51.052371978759766,
      -66.04039001464844,
      -74.77273559570312,
      -84.51412963867188,
      -90.69091796875,
      -92.39649963378906,
      -91.98160552978516,
      -92.7369384765625,
      -75.36217498779297,
      -47.40430450439453,
      -12.534194946289062,
      35.73406219482422,
      55.6601676940918,
      53.879947662353516
    ],
    [
      27.423768997192383,
      25.408105850219727,
      25.41385269165039,
      32.52555847167969,
      32.61190414428711,
      15.912525177001953,
      5.0974626541137695,
      -7.735315799713135,
      -14.443567276000977,
      -10.400819778442383,
      -19.63901138305664,
      -16.99595069885254,
      -7.438713073730469,
      1.118204951286316,
      4.124004364013672,
      3.4630446434020996,
      12.35116195678711,
      14.673233032226562,
      15.506330490112305,
      10.391319274902344,
      8.080455780029297,
      5.6773295402526855,
      0.8770536184310913,
      -4.6636786460876465,
      -14.402434349060059,
      -19.729557037353516,
      -16.33896827697754,
      12.917190551757812,
      14.658079147338867
    ],
    [
      2.023961067199707,
      3.0764989852905273,
      -2.2307863235473633,
      1.2814233303070068,
      16.967567443847656,
      22.72390365600586,
      15.512445449829102,
      -0.7678170204162598,
      -13.635706901550293,
      -24.58672523498535,
      -21.477561950683594,
      -10.137533187866211,
      0.700053334236145,
      49.63893127441406,
      71.32415771484375,
      60.449119567871094,
      43.580482482910156,
      30.074565887451172,
      29.892047882080078,
      30.45911979675293,
      24.856340408325195,
      23.286396026611328,
      30.97067642211914,
      37.36786651611328,
      43.29589080810547,
      41.52635192871094,
      29.77849006652832,
      25.97179412841797,
      29.437606811523438
    ],
    [
      -31.419797897338867,
      -44.422630310058594,
      -54.267112731933594,
      -54.29317092895508,
      -21.606006622314453,
      -24.056625366210938,
      -23.04374122619629,
      -23.347213745117188,
      -13.815916061401367,
      -4.574629783630371,
      11.950360298156738,
      26.768821716308594,
      38.982215881347656,
      18.323434829711914,
      6.0223541259765625,
      -11.355016708374023,
      -27.30571746826172,
      -33.99815368652344,
      -31.895339965820312,
      -23.322410583496094,
      -19.54381561279297,
      -23.198505401611328,
      -25.630653381347656,
      -26.260215759277344,
      -18.370426177978516,
      -13.7603759765625,
      -12.583112716674805,
      -13.316070556640625,
      -7.415199279785156
    ],
    [
      -20.316125869750977,
      -21.896202087402344,
      -28.675819396972656,
      -27.737380981445312,
      -7.480541229248047,
      -7.827534198760986,
      -4.300826072692871,
      -8.430563926696777,
      -15.650771141052246,
      -20.462553024291992,
      -4.739621162414551,
      2.62965726852417,
      -1.873223900794983,
      5.334481239318848,
      5.172415733337402,
      -2.618013858795166,
      -2.1730942726135254,
      1.8881245851516724,
      5.852045059204102,
      10.573709487915039,
      10.90198802947998,
      11.142629623413086,
      16.031700134277344,
      15.134257316589355,
      12.489521026611328,
      12.50517463684082,
      20.324237823486328,
      23.09882354736328,
      20.652984619140625
    ],
    [
      -1.1479146480560303,
      -2.5968575477600098,
      -8.157065391540527,
      -5.925975322723389,
      -5.354897499084473,
      -6.758596420288086,
      -4.7374467849731445,
      -2.3586738109588623,
      1.043306589126587,
      14.734102249145508,
      20.95787811279297,
      11.363849639892578,
      6.795271396636963,
      7.42703914642334,
      5.67664909362793,
      -2.237105131149292,
      -6.3232831954956055,
      -5.18204927444458,
      -3.09829044342041,
      -11.947277069091797,
      -18.160802841186523,
      -15.700878143310547,
      -7.249903202056885,
      -9.726153373718262,
      -5.882728099822998,
      -2.011448383331299,
      -0.3790641725063324,
      7.470911502838135,
      5.612575531005859
    ],
    [
      0.08590491116046906,
      -1.4527132511138916,
      -4.85953426361084,
      -0.5617172122001648,
      -17.923015594482422,
      -23.42523193359375,
      -20.021202087402344,
      -12.256579399108887,
      -9.722600936889648,
      -15.567916870117188,
      -42.065040588378906,
      -56.00382995605469,
      -55.61444091796875,
      -29.112354278564453,
      -11.13255500793457,
      -10.39476203918457,
      -12.441701889038086,
      -14.699542999267578,
      -11.235528945922852,
      -10.077491760253906,
      -4.6410322189331055,
      1.688909888267517,
      -3.1368746757507324,
      -12.205862998962402,
      -16.53372573852539,
      -18.503280639648438,
      -18.814590454101562,
      -13.68042278289795,
      -6.215053558349609
    ],
    [
      -12.498455047607422,
      -15.34199333190918,
      -14.483858108520508,
      -17.461645126342773,
      -27.58420181274414,
      -23.411954879760742,
      -25.996978759765625,
      -20.052875518798828,
      -7.656075477600098,
      -8.128823280334473,
      -13.6495361328125,
      -14.753171920776367,
      -8.13272476196289,
      -7.190793991088867,
      -5.552242755889893,
      -4.894373893737793,
      -7.265491008758545,
      -6.33675479888916,
      -0.11369851231575012,
      1.5218520164489746,
      -3.579838752746582,
      -0.9467955827713013,
      -0.3964537978172302,
      3.93496036529541,
      -0.8811970949172974,
      -9.543973922729492,
      -9.414313316345215,
      -2.1568405628204346,
      2.674286365509033
    ],
    [
      -1.6819753646850586,
      6.521425247192383,
      13.634537696838379,
      12.058554649353027,
      10.950490951538086,
      7.709428787231445,
      9.122983932495117,
      9.56998062133789,
      -0.26773303747177124,
      -16.033058166503906,
      -13.238033294677734,
      1.1914321184158325,
      13.552281379699707,
      2.415295124053955,
      -2.949615240097046,
      -2.367629289627075,
      -9.358829498291016,
      -16.283058166503906,
      -14.464534759521484,
      -13.973613739013672,
      -13.723121643066406,
      -8.415520668029785,
      -5.190784931182861,
      2.1512033939361572,
      5.067756652832031,
      2.340999126434326,
      0.22560635209083557,
      2.052455425262451,
      3.808928966522217
    ],
    [
      -1.6613188982009888,
      -1.2123773097991943,
      0.5796292424201965,
      -3.8347270488739014,
      -9.490876197814941,
      -10.719474792480469,
      -11.436466217041016,
      -17.016674041748047,
      -37.751243591308594,
      -42.13048553466797,
