{
  "question_id": 0,
  "text": "jump",
  "mfcc": [
    [
      -255.05299377441406,
      -101.94436645507812,
      -17.321516036987305,
      5.614035129547119,
      5.20969820022583,
      8.524821281433105,
      10.403477668762207,
      0.3550099730491638,
      -10.44886302947998,
      -27.4720516204834,
      -79.57791137695312,
      -160.77520751953125,
      -207.25218200683594,
      -263.1651611328125,
      -338.1761474609375,
      -367.6294860839844,
      -195.9808349609375,
      -154.0178680419922,
      -211.69708251953125,
      -281.3329772949219,
      -330.5348815917969,
      -410.90869140625
    ],
    [
      31.407161712646484,
      -2.0118753910064697,
      -9.436786651611328,
      13.006319046020508,
      69.91941833496094,
      110.49039459228516,
      127.51924133300781,
      132.87445068359375,
      135.9883270263672,
      150.4626922607422,
      168.8392333984375,
      191.35733032226562,
      198.61260986328125,
      186.72329711914062,
      151.11776733398438,
      120.13348388671875,
      59.003074645996094,
      59.144439697265625,
      80.46598815917969,
      101.93910217285156,
      97.00022888183594,
      84.89927673339844
    ],
    [
      -63.79158020019531,
      -45.35548400878906,
      -31.946292877197266,
      -17.913349151611328,
      -17.66668701171875,
      -28.54813003540039,
      -47.2861442565918,
      -54.075592041015625,
      -39.51770782470703,
      -24.10236930847168,
      -11.051321029663086,
      -1.2907779216766357,
      13.191640853881836,
      29.517593383789062,
      33.584381103515625,
      21.179536819458008,
      -21.293804168701172,
      -21.924755096435547,
      -19.274925231933594,
      -26.039024353027344,
      -15.568331718444824,
      -4.788583755493164
    ],
    [
      41.14928436279297,
      40.98942565917969,
      58.59764862060547,
      77.94017028808594,
      52.12200927734375,
      10.603559494018555,
      -3.9918770790100098,
      -14.67734146118164,
      -8.16921615600586,
      -2.366018772125244,
      0.7865011692047119,
      -3.264824628829956,
      -6.17440128326416,
      7.049088001251221,
      23.45548439025879,
      20.27630615234375,
      29.092472076416016,
      26.364662170410156,
      17.14539337158203,
      11.818737030029297,
      19.19571304321289,
      16.590091705322266
    ],
    [
      7.754450798034668,
      -22.33136558532715,
      -15.128408432006836,
      9.027705192565918,
      23.17486572265625,
      14.875845909118652,
      -2.3056745529174805,
      -13.797544479370117,
      -17.096515655517578,
      -22.01017189025879,
      -17.63644790649414,
      -3.7565155029296875,
      4.473929405212402,
      3.2747809886932373,
      6.160454750061035,
      3.0725979804992676,
      -0.6222608685493469,
      -1.9625022411346436,
      -8.430200576782227,
      -18.911544799804688,
      -12.588205337524414,
      -0.4882826805114746
    ],
    [
      -17.838878631591797,
      -22.611108779907227,
      -19.974992752075195,
      -15.51417350769043,
      -20.30919647216797,
      -24.062007904052734,
      -22.495697021484375,
      -17.078901290893555,
      -12.835155487060547,
      -17.177480697631836,
      -14.58738899230957,
      8.643253326416016,
      18.939327239990234,
      17.059919357299805,
      13.546564102172852,
      4.337649345397949,
      13.101059913635254,
      13.064838409423828,
      13.808246612548828,
      13.327754974365234,
      11.368814468383789,
      10.56469440460205
    ],
    [
      16.470287322998047,
      8.2815580368042,
      2.296846389770508,
      -7.0575270652771,
      -15.382407188415527,
      -11.105424880981445,
      4.119723320007324,
      25.162261962890625,
      34.19538879394531,
      36.08637237548828,
      28.73343276977539,
      22.916250228881836,
      19.616588592529297,
      22.66151237487793,
      16.122676849365234,
      5.6341447830200195,
      4.740279197692871,
      5.134696960449219,
      6.055383682250977,
      7.954887390136719,
      8.160412788391113,
      9.707038879394531
    ],
    [
      -7.218791961669922,
      -3.6433002948760986,
      0.13010352849960327,
      -2.523123264312744,
      -6.899895668029785,
      -21.930267333984375,
      -21.40073013305664,
      -6.4193115234375,
      7.21336555480957,
      15.168516159057617,
      8.269159317016602,
      -6.400054931640625,
      -2.599416732788086,
      4.2856831550598145,
      10.614477157592773,
      6.929520130157471,
      -6.509985446929932,
      -5.482863426208496,
      -6.564472198486328,
      -12.715070724487305,
      -13.512733459472656,
      -10.706930160522461
    ],
    [
      -22.903152465820312,
      -23.49576759338379,
      -19.020553588867188,
      -24.217817306518555,
      -19.01302719116211,
      -7.260198593139648,
      -8.497060775756836,
      -22.41566276550293,
      -32.78779602050781,
      -22.19681739807129,
      -10.532468795776367,
      4.406800270080566,
      8.68170166015625,
      2.4180421829223633,
      -3.783252239227295,
      -7.033885955810547,
      -17.142925262451172,
      -14.149435997009277,
      -8.12039566040039,
      -5.092473983764648,
      -0.628312349319458,
      -0.10777966678142548
    ],
    [
      -16.114707946777344,
      -15.909242630004883,
      -13.559087753295898,
      -23.86895751953125,
      -15.95709228515625,
      -6.389454364776611,
      -9.695960998535156,
      -10.68080997467041,
      -16.281232833862305,
      -18.09219741821289,
      -12.542778015136719,
      -12.201874732971191,
      -17.944557189941406,
      -17.81442642211914,
      -10.992229461669922,
      -9.90553092956543,
      -9.603403091430664,
      -5.943424224853516,
      3.8686680793762207,
      8.881807327270508,
      12.784614562988281,
      8.409524917602539
    ],
    [
      0.38052499294281006,
      -7.980240821838379,
      -13.534177780151367,
      -26.349334716796875,
      -19.665861129760742,
      -6.24650764465332,
      6.642561435699463,
      5.917599678039551,
      -9.837940216064453,
      -21.289379119873047,
      -22.415966033935547,
      -15.021275520324707,
      -18.1630859375,
      -17.75918197631836,
      -12.924402236938477,
      -14.753085136413574,
      -13.282594680786133,
      -10.34355354309082,
      -3.8458046913146973,
      -0.6617950797080994,
      0.3641344904899597,
      -5.490230560302734
    ],
    [
      2.541609048843384,
      -9.232823371887207,
      -10.499347686767578,
      -13.000975608825684,
      -2.657777786254883,
      10.193778991699219,
      12.139067649841309,
      10.692007064819336,
      7.478451251983643,
      4.14832878112793,
      -4.346146583557129,
      -12.207862854003906,
      -15.45316219329834,
      -13.684568405151367,
      -9.987908363342285,
      -9.137260437011719,
      -0.09068798273801804,
      2.26845121383667,
      1.463712215423584,
      -0.5914887189865112,
      -1.3435685634613037,
      -7.14074182510376
    ],
    [
      2.7359724044799805,
      -9.847865104675293,
      -6.297666549682617,
      -6.47778844833374,
      -1.1005830764770508,
      -9.309832572937012,
      -25.471664428710938,
      -26.833566665649414,
      -12.008760452270508,
      -7.316503047943115,
      -13.353641510009766,
      -24.09042739868164,
      -24.097549438476562,
      -21.835243225097656,
      -6.950417995452881,
      -5.778327941894531,
      -14.938047409057617,
      -12.844772338867188,
      -16.19182586669922,
      -16.614288330078125,
      -11.890544891357422,
      -11.441568374633789
    ]
  ],
  "sample_rate": 22050,
  "n_mfcc": 13,
  "shape": [
    13,
    22
  ]
}