{
  "question_id": 0,
  "text": "lamp",
  "mfcc": [
    [
      -420.9472961425781,
      -336.2522888183594,
      -259.60821533203125,
      -145.15533447265625,
      -39.195194244384766,
      -9.665386199951172,
      -17.427064895629883,
      -25.933073043823242,
      -32.74693298339844,
      -30.724166870117188,
      -13.139045715332031,
      -15.728425025939941,
      -27.169754028320312,
      -54.4072151184082,
      -133.5595703125,
      -229.8715057373047,
      -299.8462829589844,
      -365.7809753417969,
      -217.26852416992188,
      -182.3133087158203,
      -244.176025390625,
      -317.3208923339844,
      -368.7532043457031
    ],
    [
      152.86993408203125,
      180.55245971679688,
      189.21090698242188,
      189.0682830810547,
      167.26528930664062,
      137.29953002929688,
      115.34764862060547,
      113.46359252929688,
      105.73594665527344,
      107.08452606201172,
      118.59672546386719,
      126.5079345703125,
      130.6346435546875,
      140.85595703125,
      155.39552307128906,
      149.2169189453125,
      148.58065795898438,
      133.60537719726562,
      73.37870788574219,
      78.70097351074219,
      108.05229187011719,
      126.79533386230469,
      118.3431396484375
    ],
    [
      81.1090316772461,
      82.13462829589844,
      79.41879272460938,
      25.945720672607422,
      -23.465370178222656,
      -47.103599548339844,
      -61.047821044921875,
      -65.44047546386719,
      -64.24658203125,
      -52.0175895690918,
      -39.37470245361328,
      -30.63578987121582,
      -28.911972045898438,
      -23.255477905273438,
      -12.536426544189453,
      18.77684783935547,
      27.54934310913086,
      27.62334632873535,
      -8.007481575012207,
      -5.608567714691162,
      1.8224151134490967,
      -5.4760332107543945,
      3.7111265659332275
    ],
    [
      39.20060348510742,
      43.837982177734375,
      29.363737106323242,
      0.1373806893825531,
      -4.0075836181640625,
      -10.68985652923584,
      -18.196800231933594,
      -18.292842864990234,
      -12.48625659942627,
      -4.813876152038574,
      -4.736963748931885,
      -2.9131429195404053,
      -0.6359156966209412,
      4.754450798034668,
      12.003524780273438,
      11.014432907104492,
      19.477052688598633,
      31.596532821655273,
      3.404221773147583,
      8.50380802154541,
      26.149494171142578,
      33.98609161376953,
      29.533851623535156
    ],
    [
      -7.445097923278809,
      -15.667447090148926,
      -21.802627563476562,
      -5.524616718292236,
      -8.159008026123047,
      -9.521066665649414,
      -8.562187194824219,
      -6.359785079956055,
      3.918576955795288,
      6.543749809265137,
      6.010153770446777,
      13.088266372680664,
      18.71770668029785,
      17.010353088378906,
      12.870599746704102,
      23.51036834716797,
      23.68073844909668,
      18.57000732421875,
      4.568263053894043,
      10.057597160339355,
      17.30675506591797,
      8.886378288269043,
      6.908097743988037
    ],
    [
      -23.426292419433594,
      -37.65436935424805,
      -39.351837158203125,
      -32.720123291015625,
      -21.10304832458496,
      -10.743061065673828,
      -3.9088001251220703,
      2.244821548461914,
      -0.6747763752937317,
      -11.322362899780273,
      -22.991472244262695,
      -28.835445404052734,
      -28.163742065429688,
      -24.144569396972656,
      -2.5022943019866943,
      43.155845642089844,
      41.976932525634766,
      10.366703033447266,
      5.019317150115967,
      9.073908805847168,
      16.253543853759766,
      19.425220489501953,
      17.824817657470703
    ],
    [
      -5.304393768310547,
      3.075788974761963,
      10.282796859741211,
      -4.4324846267700195,
      -4.189366340637207,
      -0.5285349488258362,
      -0.8854141235351562,
      -8.761760711669922,
      -16.858802795410156,
      -20.89459228515625,
      -21.066207885742188,
      -18.98642349243164,
      -11.195962905883789,
      1.6169389486312866,
      5.459054946899414,
      1.9051001071929932,
      4.755425930023193,
      -1.1660703420639038,
      6.298478603363037,
      9.680556297302246,
      11.344029426574707,
      14.450891494750977,
      15.514266967773438
    ],
    [
      -8.468138694763184,
      -13.544814109802246,
      -23.517658233642578,
      -19.59442901611328,
      -14.307966232299805,
      -9.9254150390625,
      -8.934335708618164,
      -8.698944091796875,
      -6.292102336883545,
      -7.862913131713867,
      -11.385955810546875,
      -14.846031188964844,
      -17.845720291137695,
      -11.0112886428833,
      -3.808755397796631,
      -16.303485870361328,
      -15.798665046691895,
      -5.869532585144043,
      11.183530807495117,
      16.95454978942871,
      12.385260581970215,
      2.6008524894714355,
      5.710807800292969
    ],
    [
      -9.499361038208008,
      -18.54038429260254,
      -22.158306121826172,
      -16.815715789794922,
      -18.09024429321289,
      -18.284751892089844,
      -10.211261749267578,
      -6.220701694488525,
      -4.255128860473633,
      2.7596583366394043,
      -2.608970880508423,
      -15.202590942382812,
      -20.17096710205078,
      -17.407669067382812,
      -22.94903564453125,
      -18.50347328186035,
      -12.635360717773438,
      -0.8915793895721436,
      14.008905410766602,
      16.942880630493164,
      12.999342918395996,
      12.437417984008789,
      12.810686111450195
    ],
    [
      -3.029390573501587,
      0.0012826025485992432,
      -8.771966934204102,
      -12.089200973510742,
      -13.475025177001953,
      -4.925813674926758,
      8.199111938476562,
      8.048744201660156,
      -0.412569522857666,
      -2.310767650604248,
      -3.174147605895996,
      -2.5183722972869873,
      -2.687195301055908,
      -2.9861690998077393,
      -8.586071968078613,
      -23.140296936035156,
      -14.159587860107422,
      -4.133901596069336,
      -4.393288612365723,
      -0.8810503482818604,
      6.852980613708496,
      17.824678421020508,
      15.959391593933105
    ],
    [
      -14.269168853759766,
      -17.312885284423828,
      -12.238550186157227,
      -23.71651268005371,
      -10.366147994995117,
      2.5022125244140625,
      0.9671583771705627,
      -4.088340759277344,
      1.7192085981369019,
      2.674983501434326,
      0.10855412483215332,
      -4.2437238693237305,
      -9.049217224121094,
      -8.013458251953125,
      -2.5243983268737793,
      -3.4387824535369873,
      -4.29793643951416,
      -5.8239312171936035,
      -19.687007904052734,
      -15.445367813110352,
      -2.5497379302978516,
      13.277243614196777,
      17.027814865112305
    ],
    [
      -18.67675018310547,
      -9.262870788574219,
      -9.106496810913086,
      -10.545762062072754,
      10.862262725830078,
      18.34062385559082,
      0.6416009068489075,
      -13.726962089538574,
      -12.861368179321289,
      -12.373749732971191,
      -10.862711906433105,
      -8.107275009155273,
      -6.213933944702148,
      -7.3189544677734375,
      -9.487848281860352,
      1.0624785423278809,
      3.303938388824463,
      -6.274526596069336,
      -14.731002807617188,
      -10.469107627868652,
      -0.7058647274971008,
      5.470494747161865,
      7.217898368835449
    ],
    [
      -15.250316619873047,
      -16.881601333618164,
      -18.813373565673828,
      -2.9252891540527344,
      -2.5305023193359375,
      -10.595954895019531,
      -22.666290283203125,
      -18.357391357421875,
      -8.952289581298828,
      -5.888482570648193,
      -7.787570953369141,
      -15.700511932373047,
      -20.535001754760742,
      -22.140417098999023,
      -18.873706817626953,
      -14.377511024475098,
      -11.649150848388672,
      -0.5937250256538391,
      1.341467261314392,
      1.4729602336883545,
      -7.921612739562988,
      -15.14798641204834,
