{
  "question_id": 0,
  "text": "mother",
  "mfcc": [
    [
      -357.3981018066406,
      -283.7342224121094,
      -221.8343963623047,
      -99.35173797607422,
      -25.29996109008789,
      -3.6860828399658203,
      -5.429723739624023,
      -18.671812057495117,
      -24.340723037719727,
      -39.97651672363281,
      -100.5645980834961,
      -152.9627227783203,
      -144.9169464111328,
      -105.89186096191406,
      -77.70333099365234,
      -72.98613739013672,
      -86.64633178710938,
      -104.64180755615234,
      -131.48190307617188,
      -148.92604064941406,
      -170.22586059570312,
      -202.62496948242188,
      -235.91006469726562,
      -271.29608154296875,
      -304.2950439453125,
      -356.0934143066406
    ],
    [
      133.79354858398438,
      142.40185546875,
      151.80311584472656,
      164.3623504638672,
      142.909423828125,
      118.8873291015625,
      103.32672119140625,
      93.68689727783203,
      97.2967758178711,
      109.78829193115234,
      121.74258422851562,
      106.07654571533203,
      85.52326202392578,
      105.25682067871094,
      121.70864868164062,
      130.37460327148438,
      144.96945190429688,
      153.76150512695312,
      158.5249481201172,
      171.75950622558594,
      173.37545776367188,
      165.19232177734375,
      153.13369750976562,
      139.14134216308594,
      119.23442077636719,
      103.6741943359375
    ],
    [
      61.293540954589844,
      38.76031494140625,
      10.956393241882324,
      -14.894189834594727,
      -32.506919860839844,
      -51.58312225341797,
      -61.56987762451172,
      -58.809364318847656,
      -51.9334716796875,
      -32.778995513916016,
      -6.9976606369018555,
      15.044066429138184,
      13.966846466064453,
      0.5456673502922058,
      -18.103620529174805,
      -26.152496337890625,
      -24.77780532836914,
      -26.041622161865234,
      -28.802520751953125,
      -25.344154357910156,
      -19.30423927307129,
      -9.308584213256836,
      5.060102462768555,
      6.149433135986328,
      -7.2163567543029785,
      -15.394243240356445
    ],
    [
      30.638639450073242,
      28.803680419921875,
      30.39853286743164,
      28.483440399169922,
      16.177581787109375,
      5.589417457580566,
      7.867240905761719,
      13.958932876586914,
      8.66372299194336,
      12.727607727050781,
      12.888221740722656,
      -0.28619444370269775,
      -1.7532718181610107,
      -4.180185794830322,
      8.677804946899414,
      16.22003173828125,
      15.31977653503418,
      10.8907470703125,
      -4.174610137939453,
      -23.748779296875,
      -22.315895080566406,
      -23.2589111328125,
      -27.984943389892578,
      -16.838760375976562,
      3.8895277976989746,
      10.41813850402832
    ],
    [
      21.540843963623047,
      17.431903839111328,
      4.618655204772949,
      -36.81135559082031,
      -53.39884948730469,
      -46.803504943847656,
      -39.708988189697266,
      -42.336219787597656,
      -48.92604064941406,
      -46.007789611816406,
      -33.056846618652344,
      0.9815975427627563,
      15.990873336791992,
      12.812810897827148,
      0.7700128555297852,
      -3.5292510986328125,
      3.4013476371765137,
      8.561210632324219,
      21.434062957763672,
      27.334278106689453,
      16.208648681640625,
      16.3539981842041,
      21.714937210083008,
      29.635616302490234,
      35.72291564941406,
      34.20223617553711
    ],
    [
      27.626590728759766,
      25.406246185302734,
      8.574645042419434,
      -7.524898052215576,
      -8.191946983337402,
      -9.482332229614258,
      -2.5020434856414795,
      0.6876411437988281,
      2.261180877685547,
      1.396239995956421,
      -3.2021212577819824,
      -12.882865905761719,
      -7.1238017082214355,
      -6.168449401855469,
      1.6287243366241455,
      -2.026939630508423,
      -10.655037879943848,
      -7.639551639556885,
      -4.854048728942871,
      1.8005728721618652,
      12.813772201538086,
      17.925647735595703,
      26.20458984375,
      22.20508575439453,
      14.738239288330078,
      15.577259063720703
    ],
    [
      14.761253356933594,
      12.494847297668457,
      11.628561019897461,
      5.049243927001953,
      6.06033992767334,
      11.197673797607422,
      14.205585479736328,
      12.127495765686035,
      3.8116846084594727,
      -0.22463059425354004,
      5.010561943054199,
      11.049447059631348,
      12.26998519897461,
      -0.8638485670089722,
      -10.738872528076172,
      -15.527129173278809,
      -13.930992126464844,
      -14.471224784851074,
      -21.42799186706543,
      -28.646074295043945,
      -25.55535125732422,
      -26.624107360839844,
      -30.248638153076172,
      -26.931062698364258,
      -22.948429107666016,
      -22.04283905029297
    ],
    [
      12.146080017089844,
      2.602193832397461,
      -0.5408541560173035,
      -0.3135359287261963,
      1.906761646270752,
      1.940943956375122,
      3.727299451828003,
      1.8349066972732544,
      -3.05903959274292,
      -12.041080474853516,
      -18.75566864013672,
      -15.553030014038086,
      -20.36328887939453,
      -32.09724044799805,
      -31.946012496948242,
      -28.553466796875,
      -35.9355354309082,
      -42.543968200683594,
      -44.633270263671875,
      -35.86073303222656,
      -36.32361602783203,
      -37.73078918457031,
      -28.031414031982422,
      -14.60790729522705,
      -0.0341644287109375,
      7.885924816131592
    ],
    [
      -12.654376029968262,
      -19.261735916137695,
      -26.546066284179688,
      -27.866661071777344,
      -25.394933700561523,
      -17.979848861694336,
      -10.039276123046875,
      -8.233428955078125,
      -16.525663375854492,
      -26.34255027770996,
      -25.459808349609375,
      -21.209880828857422,
      -16.810993194580078,
      -19.796228408813477,
      -26.11136245727539,
      -30.484455108642578,
      -22.20642852783203,
      -16.904823303222656,
      -18.53763198852539,
      -21.364643096923828,
      -19.367504119873047,
      -12.765399932861328,
      -4.654794692993164,
      0.9518616199493408,
      5.491878509521484,
      10.486444473266602
    ],
    [
      -41.489498138427734,
      -51.8630485534668,
      -47.690982818603516,
      -14.257579803466797,
      -5.136905670166016,
      -2.6633448600769043,
      0.07338466495275497,
      -4.273771286010742,
      -9.870882034301758,
      -20.501121520996094,
      -25.394203186035156,
      -19.067852020263672,
      -12.569883346557617,
      -11.33985710144043,
      -5.003927230834961,
      -2.1711108684539795,
      -3.719666004180908,
      -6.215864181518555,
      -1.0652159452438354,
      4.682351589202881,
      11.645528793334961,
      18.6666259765625,
      20.367694854736328,
      22.839500427246094,
      15.471874237060547,
      9.28026294708252
    ],
    [
      -19.743736267089844,
      -14.305891990661621,
      -15.016130447387695,
      -13.311197280883789,
      -13.041872024536133,
      -3.9648685455322266,
      1.3755453824996948,
      0.7998443841934204,
      -1.472348928451538,
      -6.577939987182617,
      -2.0843582153320312,
      -0.08554226160049438,
      3.7916860580444336,
      8.206830978393555,
      1.8970009088516235,
      -0.4118044376373291,
      6.870561599731445,
      4.534346580505371,
      -5.373757362365723,
      -3.088674545288086,
      -3.5752506256103516,
      0.14674091339111328,
      -2.553471088409424,
      -8.534270286560059,
      -14.986802101135254,
      -16.308204650878906
    ],
    [
      3.8859550952911377,
      12.801321029663086,
      5.783858299255371,
      -4.889481544494629,
      1.673569917678833,
      8.026407241821289,
      5.980259895324707,
      3.230830669403076,
      10.666851043701172,
      10.361785888671875,
      4.471410274505615,
      -1.5426716804504395,
      1.2266453504562378,
