{
  "question_id": 0,
  "text": "mountain",
  "mfcc": [
    [
      -369.9245300292969,
      -303.2735290527344,
      -262.4400634765625,
      -221.53602600097656,
      -155.70310974121094,
      -41.30763244628906,
      6.58831787109375,
      5.016695499420166,
      0.8275493383407593,
      -25.121938705444336,
      -56.519569396972656,
      -74.66580200195312,
      -94.09051513671875,
      -111.92847442626953,
      -137.1761474609375,
      -173.70230102539062,
      -216.27127075195312,
      -284.8527526855469,
      -179.01734924316406,
      -97.78883361816406,
      -97.20099639892578,
      -93.87626647949219,
      -73.90202331542969,
      -56.725032806396484,
      -74.46969604492188,
      -108.60628509521484,
      -168.40443420410156,
      -239.67611694335938,
      -263.18109130859375,
      -272.63726806640625,
      -274.29345703125,
      -273.70147705078125,
      -281.860107421875,
      -299.40106201171875,
      -315.223388671875,
      -305.6627197265625,
      -324.56695556640625,
      -423.79241943359375
    ],
    [
      115.04426574707031,
      127.99688720703125,
      131.8077392578125,
      133.25515747070312,
      146.95819091796875,
      145.28662109375,
      123.79258728027344,
      107.27449035644531,
      106.79064178466797,
      105.53826141357422,
      105.18672180175781,
      111.91792297363281,
      117.16069030761719,
      125.13954162597656,
      141.35171508789062,
      137.69891357421875,
      131.98570251464844,
      132.5390167236328,
      12.871063232421875,
      -32.266197204589844,
      -42.861488342285156,
      36.77381134033203,
      123.07415771484375,
      135.13519287109375,
      131.8833770751953,
      129.48318481445312,
      131.17005920410156,
      145.4383544921875,
      144.59768676757812,
      134.34701538085938,
      123.59978485107422,
      125.04168701171875,
      128.66452026367188,
      127.98243713378906,
      119.71208190917969,
      104.03311157226562,
      96.54119873046875,
      72.97616577148438
    ],
    [
      43.7146110534668,
      34.615570068359375,
      27.41158676147461,
      5.104666709899902,
      -21.32443618774414,
      -34.68620300292969,
      -44.98792266845703,
      -58.43105697631836,
      -62.89921569824219,
      -65.03243255615234,
      -57.479713439941406,
      -40.468833923339844,
      -27.212249755859375,
      -23.60615348815918,
      -22.295185089111328,
      -11.92828369140625,
      -1.8464162349700928,
      8.278280258178711,
      10.192527770996094,
      11.974385261535645,
      9.293458938598633,
      9.360572814941406,
      -18.879798889160156,
      -16.582094192504883,
      -13.977592468261719,
      -5.905604362487793,
      5.099441051483154,
      6.257315635681152,
      8.145915031433105,
      4.8353071212768555,
      3.9746224880218506,
      9.76282024383545,
      15.617778778076172,
      20.84247589111328,
      21.521883010864258,
      2.425370454788208,
      -5.869383811950684,
      5.030137538909912
    ],
    [
      36.1666259765625,
      28.264781951904297,
      22.923786163330078,
      21.09867286682129,
      24.73405647277832,
      30.61406707763672,
      21.62792205810547,
      4.836189270019531,
      1.5517652034759521,
      8.195135116577148,
      10.935491561889648,
      10.332023620605469,
      12.962774276733398,
      22.90237045288086,
      24.026538848876953,
      24.57630157470703,
      12.909069061279297,
      -0.9506959915161133,
      27.650421142578125,
      35.506988525390625,
      45.587074279785156,
      53.71430969238281,
      33.06685256958008,
      23.130477905273438,
      14.859321594238281,
      11.615484237670898,
      19.362882614135742,
      34.04519271850586,
      36.58102798461914,
      42.974143981933594,
      49.37035369873047,
      49.499183654785156,
      43.609519958496094,
      33.94061279296875,
      35.64179992675781,
      36.03431701660156,
      25.22661590576172,
      10.000297546386719
    ],
    [
      39.92943572998047,
      33.624813079833984,
      25.83391571044922,
      22.63180160522461,
      8.958769798278809,
      -14.73581314086914,
      -22.846485137939453,
      -27.061534881591797,
      -25.443740844726562,
      -27.32666778564453,
      -28.556690216064453,
      -27.374710083007812,
      -23.131492614746094,
      -14.932232856750488,
      -2.545203685760498,
      18.516788482666016,
      26.751026153564453,
      15.727170944213867,
      -21.780818939208984,
      -19.06926727294922,
      -20.332448959350586,
      -11.84005355834961,
      1.897883415222168,
      11.49238109588623,
      16.938478469848633,
      27.162952423095703,
      36.83087921142578,
      35.35304641723633,
      40.0870361328125,
      48.93926239013672,
      51.30927658081055,
      47.30926513671875,
      44.06982421875,
      44.977203369140625,
      42.1636848449707,
      30.199951171875,
      22.133899688720703,
      27.543792724609375
    ],
    [
      34.78228759765625,
      39.75800323486328,
      31.76209831237793,
      18.176891326904297,
      4.3414411544799805,
      -0.565390944480896,
      3.6170599460601807,
      4.433385848999023,
      7.8399977684021,
      8.323238372802734,
      6.320029258728027,
      2.8577375411987305,
      -0.21197736263275146,
      -2.370124340057373,
      -4.0587263107299805,
      -2.1481499671936035,
      1.8711215257644653,
      -4.591435432434082,
      21.287349700927734,
      23.48613166809082,
      16.65469741821289,
      6.978453636169434,
      -4.209814071655273,
      -8.203856468200684,
      -11.876097679138184,
      -10.047645568847656,
      -2.394455909729004,
      11.275075912475586,
      8.138347625732422,
      1.7871081829071045,
      4.371500492095947,
      11.127616882324219,
      19.490062713623047,
      28.481454849243164,
      30.409534454345703,
      26.68659210205078,
      28.733741760253906,
      29.0936336517334
    ],
    [
      5.658021926879883,
      -5.239260196685791,
      -7.138448238372803,
      1.9176406860351562,
      11.571784973144531,
      11.215986251831055,
      13.903509140014648,
      14.241552352905273,
      9.097318649291992,
      7.779086112976074,
      11.108059883117676,
      14.139493942260742,
      15.123579978942871,
      4.5438032150268555,
      3.8453269004821777,
      12.040563583374023,
      20.26284408569336,
      15.719794273376465,
      -11.936598777770996,
      -7.021645545959473,
      -6.091136932373047,
      -24.339149475097656,
      -31.033891677856445,
      -30.803129196166992,
      -31.144134521484375,
      -25.1510009765625,
      -21.749048233032227,
      -13.297024726867676,
      -15.321088790893555,
      -16.81604766845703,
      -12.836983680725098,
      -12.848750114440918,
      -13.811731338500977,
      -10.310344696044922,
      -4.001195430755615,
      5.541393280029297,
      3.7524194717407227,
      3.6693906784057617
    ],
    [
      5.762154579162598,
      -1.2360490560531616,
      -10.751922607421875,
      -9.461177825927734,
      -13.60317611694336,
      -13.63538646697998,
      -16.023780822753906,
      -9.049553871154785,
      -1.2330142259597778,
      -0.7700576186180115,
      -1.1881959438323975,
      -0.205968976020813,
      8.169883728027344,
      14.074992179870605,
      12.321503639221191,
      -2.2504701614379883,
      -11.781597137451172,
      -12.629387855529785,
      -8.023812294006348,
      -2.3798394203186035,
      -4.093723297119141,
      -29.93259620666504,
      -30.969669342041016,
      -28.883338928222656,
      -21.974899291992188,
      -10.741142272949219,
      -9.076452255249023,
      3.696564197540283,
      8.521852493286133,
      7.045234203338623,
      4.732019424438477,
      4.447227478027344,
      0.9626582264900208,
      4.239797592163086,
      1.5416793823242188,
      -6.518819332122803,
      -8.516580581665039,
