{
  "question_id": 0,
  "text": "notebook",
  "mfcc": [
    [
      -399.8207702636719,
      -312.2117919921875,
      -236.7645263671875,
      -85.06808471679688,
      -26.378971099853516,
      -34.812252044677734,
      -57.74666976928711,
      -65.74723815917969,
      -89.60870361328125,
      -140.1475830078125,
      -189.0448760986328,
      -287.3487243652344,
      -401.51605224609375,
      -415.9938049316406,
      -427.75048828125,
      -420.4607849121094,
      -162.3169708251953,
      -84.63155364990234,
      -93.80667114257812,
      -103.94879150390625,
      -109.16564178466797,
      -136.2742919921875,
      -190.97657775878906,
      -258.5593566894531,
      -345.45269775390625,
      -416.4532470703125,
      -412.42694091796875,
      -231.1457061767578,
      -192.41148376464844,
      -246.40650939941406,
      -346.4101867675781,
      -459.1335754394531
    ],
    [
      114.42023468017578,
      126.49406433105469,
      111.9046630859375,
      112.39046478271484,
      102.93806457519531,
      92.28079223632812,
      87.96780395507812,
      97.46359252929688,
      110.39808654785156,
      124.08128356933594,
      136.6629638671875,
      149.30213928222656,
      126.57117462158203,
      112.88990020751953,
      106.36048889160156,
      81.31156921386719,
      54.464210510253906,
      95.9371337890625,
      149.83888244628906,
      169.729736328125,
      175.78756713867188,
      184.4320068359375,
      178.75112915039062,
      147.48516845703125,
      121.67129516601562,
      114.24115753173828,
      103.64787292480469,
      96.85679626464844,
      99.7169189453125,
      108.0639419555664,
      99.42366027832031,
      59.12999725341797
    ],
    [
      79.86377716064453,
      70.88431549072266,
      47.12605285644531,
      13.115705490112305,
      1.1044906377792358,
      -16.610862731933594,
      -23.39275360107422,
      -8.383277893066406,
      9.836925506591797,
      29.820911407470703,
      35.568790435791016,
      34.45134353637695,
      47.20161056518555,
      37.6646728515625,
      41.30392837524414,
      28.66196060180664,
      -3.3876867294311523,
      12.771607398986816,
      17.404560089111328,
      12.370864868164062,
      16.06412696838379,
      19.466171264648438,
      29.885425567626953,
      42.29631805419922,
      37.970359802246094,
      43.39976119995117,
      23.001869201660156,
      -44.06598663330078,
      -43.020172119140625,
      -28.305145263671875,
      -11.090068817138672,
      6.003168106079102
    ],
    [
      25.005054473876953,
      16.120861053466797,
      25.813289642333984,
      31.153339385986328,
      24.81678009033203,
      9.59738826751709,
      1.1097781658172607,
      -4.421945095062256,
      -11.087987899780273,
      -9.18462085723877,
      6.386423110961914,
      21.079742431640625,
      27.193517684936523,
      14.103391647338867,
      12.095911026000977,
      29.427608489990234,
      16.338287353515625,
      14.677014350891113,
      6.400308132171631,
      1.6328989267349243,
      4.499213218688965,
      9.299253463745117,
      17.028100967407227,
      20.017797470092773,
      13.118003845214844,
      11.433549880981445,
      2.0675017833709717,
      -3.4027063846588135,
      -1.4185912609100342,
      2.2730674743652344,
      2.3775882720947266,
      0.22836792469024658
    ],
    [
      30.79507064819336,
      24.632959365844727,
      22.439613342285156,
      28.30135726928711,
      27.334232330322266,
      24.920886993408203,
      15.780755996704102,
      14.89655876159668,
      19.804941177368164,
      35.99226379394531,
      46.06034851074219,
      44.258827209472656,
      25.835399627685547,
      14.894630432128906,
      9.849288940429688,
      11.77945327758789,
      4.329499244689941,
      -3.402486801147461,
      -8.530876159667969,
      -0.6957443952560425,
      -4.350714683532715,
      -6.689811706542969,
      -14.36138916015625,
      -17.39293098449707,
      -8.46440315246582,
      1.387630820274353,
      2.4570369720458984,
      -35.18495178222656,
      -36.230796813964844,
      -26.801239013671875,
      -8.473240852355957,
      18.650867462158203
    ],
    [
      21.023710250854492,
      31.480236053466797,
      16.764114379882812,
      -18.967636108398438,
      -15.53697395324707,
      -7.924257278442383,
      -1.7112922668457031,
      -2.485875129699707,
      -16.740581512451172,
      -18.95922088623047,
      -3.4168145656585693,
      6.1173295974731445,
      10.27408218383789,
      2.773651599884033,
      4.533198833465576,
      -2.3811631202697754,
      3.8222951889038086,
      -3.6481821537017822,
      -13.808018684387207,
      -27.802276611328125,
      -38.78223419189453,
      -39.20146560668945,
      -32.075111389160156,
      0.5889716148376465,
      16.289108276367188,
      4.2547502517700195,
      16.793983459472656,
      35.62861633300781,
      35.87492370605469,
      33.90376281738281,
      27.301799774169922,
      31.825714111328125
    ],
    [
      10.92570686340332,
      0.22691458463668823,
      -4.820474624633789,
      -6.259167671203613,
      -15.626236915588379,
      -20.540767669677734,
      -13.088584899902344,
      -2.3878424167633057,
      9.590231895446777,
      27.427261352539062,
      25.02385711669922,
      17.34073257446289,
      -2.081214666366577,
      -7.05606746673584,
      -3.0713329315185547,
      -0.9366869330406189,
      10.93765640258789,
      7.669760704040527,
      3.5257935523986816,
      13.535642623901367,
      22.041460037231445,
      27.73086929321289,
      30.362773895263672,
      38.26380157470703,
      26.47441864013672,
      4.923742771148682,
      6.307236671447754,
      -6.272192478179932,
      -8.528849601745605,
      -7.464692115783691,
      -0.8884799480438232,
      5.90351676940918
    ],
    [
      -14.417606353759766,
      -24.49774932861328,
      -17.119548797607422,
      -5.720156669616699,
      -8.712833404541016,
      -9.19570541381836,
      -8.815106391906738,
      -9.70086669921875,
      -11.119302749633789,
      -12.85156536102295,
      -9.293521881103516,
      -14.577638626098633,
      -10.75808334350586,
      -8.759943962097168,
      -8.073738098144531,
      0.9565538167953491,
      11.516429901123047,
      11.023985862731934,
      5.594066619873047,
      0.11131593585014343,
      3.3784286975860596,
      7.962316513061523,
      11.12299633026123,
      1.3011224269866943,
      -7.89237117767334,
      -9.801826477050781,
      -23.69326400756836,
      -27.479806900024414,
      -27.282100677490234,
      -27.742324829101562,
      -32.18146514892578,
      -27.50238037109375
    ],
    [
      -10.451753616333008,
      -1.7312220335006714,
      -3.6366426944732666,
      -8.099259376525879,
      -10.669853210449219,
      -14.8049955368042,
      -24.728240966796875,
      -35.531925201416016,
      -43.378196716308594,
      -46.11743927001953,
      -47.0499267578125,
      -38.712989807128906,
      -18.32297706604004,
      -14.229276657104492,
      -13.619091033935547,
      -18.17155647277832,
      -24.429454803466797,
      -24.45698356628418,
      -17.348430633544922,
      -10.839112281799316,
      -14.98782730102539,
      -23.919166564941406,
      -27.173110961914062,
      -19.516469955444336,
      -11.408975601196289,
      -19.36823081970215,
      -17.497291564941406,
      -21.631629943847656,
      -23.092411041259766,
      -16.688526153564453,
      -8.453512191772461,
      -16.751747131347656
    ],
    [
      -12.282130241394043,
      -19.655973434448242,
      -15.226432800292969,
      -14.097962379455566,
      -11.14236068725586,
      -6.462800025939941,
      -0.8933583498001099,
      -5.545894145965576,
      -6.4783525466918945,
      -2.564150094985962,
      -18.97419548034668,
      -21.94939422607422,
      -12.712754249572754,
