{
  "question_id": 0,
  "text": "pants",
  "mfcc": [
    [
      -207.02520751953125,
      -137.44146728515625,
      -107.25531768798828,
      -60.71697998046875,
      -18.21084213256836,
      -17.412212371826172,
      -37.14871597290039,
      -34.38738250732422,
      -24.791431427001953,
      -32.168514251708984,
      -49.58685302734375,
      -61.74346923828125,
      -81.69036865234375,
      -140.3212432861328,
      -229.62632751464844,
      -313.37042236328125,
      -368.05596923828125,
      -408.1734924316406,
      -432.91436767578125,
      -409.724365234375,
      -273.955810546875,
      -208.17080688476562,
      -159.197265625,
      -151.43844604492188,
      -163.85955810546875,
      -187.49200439453125,
      -252.3148956298828,
      -368.5242004394531,
      -438.3221130371094
    ],
    [
      87.69913482666016,
      83.80724334716797,
      67.30047607421875,
      94.14544677734375,
      119.56878662109375,
      111.54763793945312,
      98.93431091308594,
      110.24409484863281,
      127.75167846679688,
      136.108642578125,
      130.59945678710938,
      121.68106842041016,
      114.47993469238281,
      115.87539672851562,
      147.47592163085938,
      157.03114318847656,
      139.5885467529297,
      109.90967559814453,
      79.88770294189453,
      68.76138305664062,
      0.005349516868591309,
      -47.38115310668945,
      -43.718963623046875,
      -36.03871536254883,
      -28.011444091796875,
      1.8580577373504639,
      51.20167922973633,
      101.32061767578125,
      77.64898681640625
    ],
    [
      -12.495948791503906,
      -26.26897430419922,
      -42.315467834472656,
      -28.239200592041016,
      -29.340843200683594,
      -42.142822265625,
      -55.02760314941406,
      -64.68449401855469,
      -68.34858703613281,
      -68.37997436523438,
      -56.521575927734375,
      -36.83971405029297,
      -22.444904327392578,
      -8.854999542236328,
      10.408956527709961,
      48.62206268310547,
      58.019569396972656,
      42.478668212890625,
      25.196746826171875,
      36.79100036621094,
      62.38597106933594,
      53.32866287231445,
      38.60743713378906,
      18.606399536132812,
      5.473125457763672,
      -0.2168765664100647,
      -1.7982652187347412,
      2.6327686309814453,
      13.751007080078125
    ],
    [
      14.7952241897583,
      10.772538185119629,
      2.3372011184692383,
      0.8624181151390076,
      -10.156600952148438,
      -9.403398513793945,
      -14.904029846191406,
      -21.390771865844727,
      -19.35769271850586,
      -18.647232055664062,
      -18.298057556152344,
      -20.092700958251953,
      -12.397675514221191,
      10.432376861572266,
      35.55800247192383,
      42.51520538330078,
      36.51621627807617,
      21.010164260864258,
      11.419597625732422,
      -5.190021514892578,
      -11.925418853759766,
      -6.178689956665039,
      1.0476534366607666,
      6.619894504547119,
      5.112088680267334,
      6.480195045471191,
      -2.75691556930542,
      -18.75054168701172,
      -20.778350830078125
    ],
    [
      0.14162898063659668,
      1.7245503664016724,
      -3.6104745864868164,
      -2.4706811904907227,
      0.5030660629272461,
      4.6808013916015625,
      4.2097625732421875,
      6.198458671569824,
      5.027928352355957,
      5.875898361206055,
      12.082201957702637,
      20.711685180664062,
      19.42999839782715,
      17.63471794128418,
      29.59287452697754,
      36.55244445800781,
      32.58713912963867,
      19.11474609375,
      6.466289520263672,
      16.861377716064453,
      12.671283721923828,
      10.630434036254883,
      14.829937934875488,
      3.819079875946045,
      -12.193933486938477,
      -9.390165328979492,
      -12.364828109741211,
      -17.14283561706543,
      -16.855091094970703
    ],
    [
      -1.0636520385742188,
      8.065248489379883,
      8.614021301269531,
      -1.6487586498260498,
      -17.588287353515625,
      -20.289146423339844,
      -10.473084449768066,
      -3.7667531967163086,
      -3.6283669471740723,
      -4.602414608001709,
      -5.721546649932861,
      -0.31255078315734863,
      7.294831275939941,
      10.094593048095703,
      14.121381759643555,
      21.215660095214844,
      21.763851165771484,
      13.920570373535156,
      4.092355251312256,
      -0.8759074807167053,
      6.7769927978515625,
      10.661328315734863,
      14.265493392944336,
      18.135295867919922,
      17.716428756713867,
      14.553876876831055,
      2.786188840866089,
      -0.5248883366584778,
      -0.994655966758728
    ],
    [
      16.907791137695312,
      7.358148097991943,
      -7.970582485198975,
      -15.338775634765625,
      -11.53061294555664,
      -2.4524526596069336,
      -1.018248438835144,
      -8.333416938781738,
      -6.40480899810791,
      -5.237611770629883,
      -7.903787612915039,
      -6.167009353637695,
      -4.739291667938232,
      -1.7610841989517212,
      1.6604444980621338,
      0.6817885637283325,
      13.615318298339844,
      11.013184547424316,
      5.8855462074279785,
      14.769729614257812,
      13.396105766296387,
      5.16454553604126,
      -5.650074005126953,
      -15.262007713317871,
      -13.23178768157959,
      -6.812139511108398,
      -3.83189058303833,
      0.9360745549201965,
      7.792405128479004
    ],
    [
      19.221004486083984,
      19.710548400878906,
      19.909915924072266,
      13.804187774658203,
      12.57164478302002,
      12.458627700805664,
      17.017005920410156,
      20.117332458496094,
      15.81790542602539,
      10.856781005859375,
      9.373974800109863,
      9.071117401123047,
      6.518546104431152,
      4.959921360015869,
      -4.203763961791992,
      0.015851616859436035,
      11.224111557006836,
      6.192422866821289,
      1.4399147033691406,
      -1.134368896484375,
      7.362183094024658,
      4.1425042152404785,
      9.112342834472656,
      11.731603622436523,
      12.918312072753906,
      17.318193435668945,
      21.206403732299805,
      15.264556884765625,
      11.994274139404297
    ],
    [
      20.001644134521484,
      20.555419921875,
      23.82626724243164,
      14.462099075317383,
      4.820314407348633,
      0.3061824142932892,
      2.1745431423187256,
      1.4186618328094482,
      0.760428786277771,
      -3.5094075202941895,
      -11.72778034210205,
      -17.184680938720703,
      -14.50951099395752,
      -13.337018966674805,
      -17.352495193481445,
      -7.483639717102051,
      -0.47992372512817383,
      3.303270101547241,
      3.3819406032562256,
      3.4904861450195312,
      -5.732353687286377,
      -7.053628444671631,
      -6.2608442306518555,
      -5.377350330352783,
      -3.302326202392578,
      -0.6044681668281555,
      1.715977430343628,
      12.14901351928711,
      13.87890625
    ],
    [
      4.084667205810547,
      3.8221020698547363,
      6.54818058013916,
      -5.272569179534912,
      0.11207470297813416,
      12.194711685180664,
      14.697896957397461,
      16.533714294433594,
      18.5081787109375,
      17.871326446533203,
      23.072032928466797,
      23.12154197692871,
      17.287742614746094,
      4.114431858062744,
      -23.126880645751953,
      -26.494400024414062,
      -8.697896003723145,
      5.433391571044922,
      6.67527437210083,
      -7.255462646484375,
      -2.223620891571045,
      6.705183506011963,
      3.478543519973755,
      3.2882161140441895,
      6.6391096115112305,
      2.835820436477661,
      9.65524959564209,
      8.826005935668945,
      14.321321487426758
    ],
    [
      -10.431556701660156,
      -2.135101795196533,
      8.964521408081055,
      -4.542634010314941,
      -14.992234230041504,
      -15.877456665039062,
      -11.079718589782715,
      -5.3512396812438965,
      -4.341812610626221,
      -0.606420636177063,
      0.4170638918876648,
