{
  "question_id": 0,
  "text": "park",
  "mfcc": [
    [
      -94.29521942138672,
      -58.23588562011719,
      -49.38381576538086,
      -51.67426300048828,
      -38.43499755859375,
      -6.484598159790039,
      9.73064136505127,
      2.3132965564727783,
      -3.39096736907959,
      3.256218671798706,
      -2.973325490951538,
      -50.40073013305664,
      -136.99891662597656,
      -262.18719482421875,
      -386.7460632324219,
      -412.5741882324219,
      -428.79779052734375,
      -334.5736999511719,
      -120.48587799072266,
      -84.789306640625,
      -140.80947875976562,
      -218.17372131347656
    ],
    [
      94.62464904785156,
      100.31118774414062,
      82.79463195800781,
      73.42588806152344,
      124.67404174804688,
      141.95941162109375,
      128.25425720214844,
      123.74082946777344,
      137.33932495117188,
      144.2095947265625,
      138.36219787597656,
      143.5162353515625,
      159.15411376953125,
      155.3384552001953,
      130.59100341796875,
      111.35917663574219,
      98.75171661376953,
      68.32037353515625,
      54.15886688232422,
      47.79985809326172,
      38.401641845703125,
      53.087650299072266
    ],
    [
      0.20852109789848328,
      -6.950677871704102,
      -34.58698272705078,
      -44.800926208496094,
      -22.22275733947754,
      -22.474624633789062,
      -39.40617370605469,
      -47.75916290283203,
      -49.57649230957031,
      -41.32221221923828,
      -30.983356475830078,
      -18.137174606323242,
      -0.3955303430557251,
      0.5223048329353333,
      9.112013816833496,
      10.781169891357422,
      14.404108047485352,
      -40.63259506225586,
      -50.63914489746094,
      -45.736412048339844,
      -27.791234970092773,
      -15.127954483032227
    ],
    [
      -1.102704644203186,
      -0.21791896224021912,
      -10.34444808959961,
      -16.437990188598633,
      -20.009090423583984,
      -28.910667419433594,
      -30.377782821655273,
      -30.630287170410156,
      -28.628807067871094,
      -25.791391372680664,
      -28.211063385009766,
      -28.625934600830078,
      -25.554351806640625,
      -14.441841125488281,
      -12.58001708984375,
      -6.427664279937744,
      1.2836697101593018,
      6.325963973999023,
      5.207900047302246,
      9.284903526306152,
      28.235076904296875,
      43.84632110595703
    ],
    [
      -12.12647533416748,
      -12.197261810302734,
      -16.98725128173828,
      -16.528039932250977,
      -22.59893798828125,
      -19.025283813476562,
      -25.686119079589844,
      -28.628910064697266,
      -24.944740295410156,
      -19.423643112182617,
      -12.619861602783203,
      2.57511568069458,
      27.94723129272461,
      26.30140495300293,
      -4.991600036621094,
      -4.057524681091309,
      -3.945507049560547,
      28.243545532226562,
      31.81999969482422,
      29.81927490234375,
      18.499866485595703,
      7.92649507522583
    ],
    [
      7.565151214599609,
      6.030220985412598,
      9.15827751159668,
      14.176884651184082,
      -7.903168678283691,
      -24.001728057861328,
      -27.614139556884766,
      -23.394929885864258,
      -18.158273696899414,
      -11.668092727661133,
      -3.173227071762085,
      8.157733917236328,
      11.904825210571289,
      20.354267120361328,
      -0.6458492875099182,
      -0.9793040752410889,
      0.5149301290512085,
      8.602710723876953,
      9.836113929748535,
      6.133965492248535,
      -7.147512435913086,
      -11.919851303100586
    ],
    [
      7.992490768432617,
      17.488754272460938,
      35.55076599121094,
      37.72949981689453,
      6.773996353149414,
      -1.8447519540786743,
      0.967258095741272,
      2.0786354541778564,
      -2.364853858947754,
      -6.783987998962402,
      -9.795999526977539,
      -8.456228256225586,
      -8.688287734985352,
      -11.763227462768555,
      -16.763580322265625,
      -12.512487411499023,
      -0.27144092321395874,
      -4.428309440612793,
      0.2010861188173294,
      -1.5942606925964355,
      -5.511800289154053,
      3.1493828296661377
    ],
    [
      -0.9266299605369568,
      10.894670486450195,
      22.77838134765625,
      24.02499008178711,
      17.057903289794922,
      24.4334659576416,
      21.26791000366211,
      17.328140258789062,
      8.318819046020508,
      -9.097555160522461,
      -22.734121322631836,
      -28.653350830078125,
      -35.240509033203125,
      -39.58965301513672,
      -25.66484832763672,
      -20.01721954345703,
      -10.346506118774414,
      -12.257234573364258,
      -11.094178199768066,
      -8.553474426269531,
      -0.8825858235359192,
      13.125349998474121
    ],
    [
      -4.934793472290039,
      -0.6651734709739685,
      3.3410024642944336,
      -3.7316315174102783,
      -15.942934036254883,
      -17.703407287597656,
      -16.47772979736328,
      -18.400360107421875,
      -25.461610794067383,
      -27.018529891967773,
      -26.409481048583984,
      -25.149267196655273,
      -16.949214935302734,
      -3.2704670429229736,
      -10.373085021972656,
      -9.936430931091309,
      -7.778334617614746,
      3.6297967433929443,
      5.210151672363281,
      4.101036071777344,
      -0.20286279916763306,
      0.6778907775878906
    ],
    [
      -5.708867073059082,
      -4.362212181091309,
      5.955997467041016,
      6.018634796142578,
      -0.16045312583446503,
      -1.853556752204895,
      -2.4382524490356445,
      5.090662956237793,
      21.903757095336914,
      28.86734390258789,
      29.816991806030273,
      34.062835693359375,
      38.13751220703125,
      28.014989852905273,
      1.839526653289795,
      -0.9040710926055908,
      -0.4483802914619446,
      4.193141937255859,
      2.79980206489563,
      3.046200752258301,
      1.2763614654541016,
      -3.5775246620178223
    ],
    [
      -11.09251594543457,
      -8.719717025756836,
      2.897653341293335,
      2.0261430740356445,
      -13.297307968139648,
      -15.945439338684082,
      -10.922805786132812,
      -7.9180450439453125,
      -10.514760971069336,
      -12.336959838867188,
      -14.510516166687012,
      -22.433238983154297,
      -35.28034210205078,
      -24.735437393188477,
      -1.6798324584960938,
      -1.941003441810608,
      1.393399715423584,
      -18.138004302978516,
      -23.470304489135742,
      -20.940227508544922,
      -14.188409805297852,
      -12.463884353637695
    ],
    [
      8.332719802856445,
      7.623815536499023,
      15.734782218933105,
      14.504677772521973,
      5.112873554229736,
      3.762594699859619,
      5.316991329193115,
      2.5422439575195312,
      -0.12123945355415344,
      -0.4487912654876709,
      -0.735338568687439,
      -1.858335018157959,
      -0.6153383255004883,
      -10.94300651550293,
      -8.59375286102295,
      -5.484668254852295,
      -2.387700080871582,
      -2.4555373191833496,
      0.06256073713302612,
      4.37251091003418,
      8.940703392028809,
      6.419622421264648
    ],
    [
      -1.7698001861572266,
      -1.8116774559020996,
      -1.2552632093429565,
      1.4577792882919312,
      -5.942983627319336,
      -2.4914779663085938,
      0.6760914325714111,
      4.598405361175537,
      4.032843112945557,
      -2.1844358444213867,
      -3.98856258392334,
      -6.600399017333984,
      -6.522630214691162,
      -4.382879257202148,
      -7.8297624588012695,
      -2.2979910373687744,
      -3.21604323387146,
      13.364418029785156,
      13.816570281982422,
      10.873819351196289,
      2.5267083644866943,
      -5.265627861022949
    ]
  ],
  "sample_rate": 22050,
  "n_mfcc": 13,
  "shape": [
    13,
    22
  ]
}