{
  "question_id": 0,
  "text": "pencil",
  "mfcc": [
    [
      -93.48588562011719,
      -121.20381164550781,
      -132.11358642578125,
      -86.57987976074219,
      -87.02215576171875,
      -107.02072143554688,
      -155.39730834960938,
      -209.89361572265625,
      -167.26197814941406,
      -114.3433837890625,
      -100.816650390625,
      -104.7187728881836,
      -111.85662078857422,
      -103.29127502441406,
      -93.16608428955078,
      -113.20002746582031,
      -154.1924591064453,
      -189.33267211914062,
      -208.38873291015625,
      -240.38771057128906,
      -277.5815124511719,
      -297.4407653808594,
      -311.0622253417969,
      -324.9376220703125,
      -370.3114318847656
    ],
    [
      94.47004699707031,
      95.34586334228516,
      109.01995086669922,
      104.2005615234375,
      89.76082611083984,
      91.75613403320312,
      105.41433715820312,
      91.96760559082031,
      35.753807067871094,
      -3.0807127952575684,
      -35.51612091064453,
      -60.11391830444336,
      -52.36729431152344,
      14.869022369384766,
      128.56207275390625,
      188.675537109375,
      183.6473388671875,
      164.63735961914062,
      159.27989196777344,
      159.46829223632812,
      150.942626953125,
      148.72634887695312,
      149.16128540039062,
      125.90095520019531,
      101.82657623291016
    ],
    [
      -10.773174285888672,
      -14.745038986206055,
      -37.66517639160156,
      -46.620872497558594,
      -42.607303619384766,
      -27.739469528198242,
      -13.274005889892578,
      27.069852828979492,
      81.69659423828125,
      73.87269592285156,
      53.68879699707031,
      31.469608306884766,
      25.141414642333984,
      39.03998947143555,
      26.80091094970703,
      -10.329557418823242,
      -14.100143432617188,
      -1.3511523008346558,
      11.071100234985352,
      23.494354248046875,
      37.20361328125,
      41.42724609375,
      45.62372589111328,
      35.819740295410156,
      28.734432220458984
    ],
    [
      14.943803787231445,
      25.870458602905273,
      30.809795379638672,
      21.785552978515625,
      17.761592864990234,
      18.83374786376953,
      23.394779205322266,
      20.624771118164062,
      5.280457496643066,
      13.702871322631836,
      6.168673038482666,
      1.6180262565612793,
      2.9255051612854004,
      11.815730094909668,
      7.409759521484375,
      15.599149703979492,
      15.07271671295166,
      11.046682357788086,
      11.572507858276367,
      13.587410926818848,
      17.10774040222168,
      16.18683624267578,
      13.699018478393555,
      10.876301765441895,
      9.682849884033203
    ],
    [
      12.410755157470703,
      14.957056045532227,
      2.4819014072418213,
      -6.380307197570801,
      -7.280088424682617,
      0.4671741724014282,
      0.07933172583580017,
      8.352152824401855,
      5.485160827636719,
      -2.9200797080993652,
      -14.924809455871582,
      -13.621599197387695,
      -5.789126396179199,
      -5.442757606506348,
      -26.990829467773438,
      -34.42333221435547,
      -32.750328063964844,
      -27.238685607910156,
      -26.915603637695312,
      -22.50375747680664,
      -16.112327575683594,
      -12.890417098999023,
      -11.533267974853516,
      -3.533761978149414,
      3.0844476222991943
    ],
    [
      3.2899556159973145,
      2.1220083236694336,
      -9.976608276367188,
      -18.623605728149414,
      -17.715839385986328,
      -17.912250518798828,
      -9.65466022491455,
      4.765346527099609,
      8.034567832946777,
      4.197514057159424,
      7.353521347045898,
      12.593058586120605,
      16.53028678894043,
      22.168869018554688,
      6.486875057220459,
      -9.882600784301758,
      -15.885416030883789,
      -15.604862213134766,
      -17.351459503173828,
      -10.54504680633545,
      -0.42922401428222656,
      1.6972345113754272,
      3.915060043334961,
      9.614171981811523,
      11.20300006866455
    ],
    [
      -19.245784759521484,
      -15.431723594665527,
      -9.005435943603516,
      -3.50137996673584,
      -9.798419952392578,
      -15.35944938659668,
      -4.66614294052124,
      -2.171130895614624,
      -8.342428207397461,
      -17.45893096923828,
      -20.65005874633789,
      -17.65001678466797,
      -17.98285675048828,
      -22.842578887939453,
      -13.304483413696289,
      4.760982990264893,
      9.859518051147461,
      19.92452049255371,
      20.941478729248047,
      18.001928329467773,
      18.389169692993164,
      18.52459716796875,
      18.637399673461914,
      16.39280891418457,
      17.101186752319336
    ],
    [
      10.264505386352539,
      10.131404876708984,
      0.916349470615387,
      -13.654332160949707,
      -17.390636444091797,
      -23.907081604003906,
      -20.721622467041016,
      -1.098016381263733,
      1.1390721797943115,
      -9.572504043579102,
      -8.480855941772461,
      -0.2488030195236206,
      -0.1726512908935547,
      -10.57278060913086,
      -13.0521240234375,
      -17.73340606689453,
      -7.835208892822266,
      -4.6823577880859375,
      -3.606003761291504,
      0.3980729579925537,
      4.652878284454346,
      16.114330291748047,
      21.72587013244629,
      20.79016876220703,
      13.744033813476562
    ],
    [
      -3.9831058979034424,
      -3.1723110675811768,
      7.261383533477783,
      16.229122161865234,
      15.305158615112305,
      9.184332847595215,
      -0.23904824256896973,
      -17.945560455322266,
      -31.705120086669922,
      -27.026756286621094,
      -16.5731201171875,
      -10.719364166259766,
      -13.090717315673828,
      -21.262493133544922,
      -37.395782470703125,
      -29.62855339050293,
      -23.658004760742188,
      -17.21955680847168,
      -13.386276245117188,
      -8.466717720031738,
      0.2421596646308899,
      8.40462875366211,
      11.232501983642578,
      4.627624988555908,
      2.0389676094055176
    ],
    [
      1.1816655397415161,
      2.871269702911377,
      7.4607696533203125,
      5.7226715087890625,
      3.3983266353607178,
      2.6586897373199463,
      -6.440348148345947,
      -18.723247528076172,
      -8.560564041137695,
      0.5855345726013184,
      3.380812168121338,
      13.968152046203613,
      19.61880111694336,
      5.8206939697265625,
      -20.405778884887695,
      -31.313941955566406,
      -23.903703689575195,
      -20.848712921142578,
      -12.035985946655273,
      -8.608156204223633,
      -10.956746101379395,
      -12.429553031921387,
      -8.89336109161377,
      0.8090969324111938,
      5.389594078063965
    ],
    [
      -8.172828674316406,
      -6.140209674835205,
      -1.8578791618347168,
      -7.594773292541504,
      -12.77841567993164,
      -18.367616653442383,
      -16.562307357788086,
      -19.469192504882812,
      -27.483644485473633,
      -20.287721633911133,
      -18.372196197509766,
      -9.960763931274414,
      -2.2671473026275635,
      -8.82933235168457,
      -9.358609199523926,
      3.34993314743042,
      14.479406356811523,
      14.30260181427002,
      8.670370101928711,
      3.1475160121917725,
      -1.1413345336914062,
      -6.66114616394043,
      -4.938636779785156,
      -2.9432177543640137,
      3.1353509426116943
    ],
    [
      4.413276672363281,
      2.5503368377685547,
      -8.346776008605957,
      -12.372759819030762,
      -18.288671493530273,
      -22.19489288330078,
      -24.864330291748047,
      -26.392810821533203,
      -14.972078323364258,
      6.093887805938721,
      12.033082962036133,
      9.703170776367188,
      8.447598457336426,
      2.415980100631714,
      -0.1683427095413208,
      -12.985219955444336,
      -17.536033630371094,
      -18.62982749938965,
      -21.144031524658203,
      -22.84947967529297,
      -18.506519317626953,
      -15.367591857910156,
      -15.8956880569458,
      -10.3348970413208,
