{
  "question_id": 0,
  "text": "plate",
  "mfcc": [
    [
      -101.71935272216797,
      -55.305599212646484,
      -83.46730041503906,
      -96.54423522949219,
      -47.144264221191406,
      -6.456272602081299,
      -8.915797233581543,
      -15.791123390197754,
      -16.497833251953125,
      -30.887826919555664,
      -55.806007385253906,
      -98.64836120605469,
      -168.03005981445312,
      -300.45147705078125,
      -423.3717956542969,
      -442.91278076171875,
      -258.49798583984375,
      -103.47920989990234,
      -73.28199005126953,
      -85.08749389648438,
      -110.03134155273438,
      -182.3490447998047,
      -272.2413635253906,
      -343.96630859375,
      -400.4932861328125
    ],
    [
      77.69207763671875,
      56.653907775878906,
      37.86155700683594,
      99.76029968261719,
      143.1307373046875,
      127.43241882324219,
      108.30044555664062,
      103.51039123535156,
      94.99819946289062,
      89.23011779785156,
      84.91064453125,
      75.33392333984375,
      79.32330322265625,
      93.74553680419922,
      105.2830810546875,
      93.3565444946289,
      47.304771423339844,
      32.61444854736328,
      8.705978393554688,
      0.6984572410583496,
      33.72258758544922,
      62.89990997314453,
      95.2930908203125,
      117.8494873046875,
      111.17384338378906
    ],
    [
      16.942167282104492,
      15.003030776977539,
      5.660280227661133,
      29.618053436279297,
      0.716059684753418,
      -25.38806915283203,
      -49.1767463684082,
      -56.1998405456543,
      -51.970943450927734,
      -40.805992126464844,
      -27.186622619628906,
      -14.170329093933105,
      8.148021697998047,
      32.47938537597656,
      31.398963928222656,
      28.192764282226562,
      10.463504791259766,
      25.30928611755371,
      24.847827911376953,
      7.135528564453125,
      1.365267038345337,
      3.6622366905212402,
      -8.076367378234863,
      -16.874217987060547,
      -5.669984817504883
    ],
    [
      47.621742248535156,
      47.794769287109375,
      42.809906005859375,
      43.606529235839844,
      17.786602020263672,
      6.797928810119629,
      4.338828086853027,
      21.998992919921875,
      32.62858581542969,
      45.6788330078125,
      54.92756652832031,
      62.331626892089844,
      71.15742492675781,
      70.94512939453125,
      39.046791076660156,
      22.510454177856445,
      -3.1242098808288574,
      1.7801382541656494,
      18.024194717407227,
      26.238134384155273,
      23.526195526123047,
      25.638275146484375,
      27.07830810546875,
      11.111263275146484,
      -13.884456634521484
    ],
    [
      -9.409200668334961,
      -9.747861862182617,
      -10.376062393188477,
      -13.635686874389648,
      3.2820191383361816,
      5.498654842376709,
      4.575761795043945,
      10.340744018554688,
      13.39194107055664,
      17.570026397705078,
      22.67744255065918,
      29.823673248291016,
      33.7989501953125,
      28.027942657470703,
      28.831613540649414,
      16.313444137573242,
      4.8403215408325195,
      0.702130138874054,
      0.2316562533378601,
      -4.733664512634277,
      -7.607162952423096,
      -1.3294172286987305,
      -5.884456157684326,
      -5.506089210510254,
      -2.089132308959961
    ],
    [
      7.009637355804443,
      9.097686767578125,
      11.230316162109375,
      6.975881576538086,
      -13.432998657226562,
      -26.585777282714844,
      -35.087799072265625,
      -35.119659423828125,
      -34.53599166870117,
      -32.76048278808594,
      -33.96855163574219,
      -28.30748748779297,
      -12.668779373168945,
      10.550607681274414,
      -5.627866268157959,
      -6.442842960357666,
      19.358739852905273,
      21.455474853515625,
      18.577919006347656,
      8.275876998901367,
      5.837944984436035,
      6.770573616027832,
      3.3904757499694824,
      0.20810818672180176,
      1.7242742776870728
    ],
    [
      15.84518051147461,
      17.09833335876465,
      15.729585647583008,
      7.593659400939941,
      -15.027969360351562,
      -27.239055633544922,
      -30.30929183959961,
      -27.083251953125,
      -30.221675872802734,
      -32.111351013183594,
      -25.640254974365234,
      -14.507189750671387,
      -13.41987419128418,
      -21.369869232177734,
      -14.201261520385742,
      -16.35802459716797,
      8.303730964660645,
      7.676218032836914,
      3.746098518371582,
      -3.118626356124878,
      -5.323282241821289,
      -4.062155723571777,
      -4.570321083068848,
      1.6368401050567627,
      10.282703399658203
    ],
    [
      8.917844772338867,
      6.907391548156738,
      -2.4076192378997803,
      -21.590442657470703,
      -24.992721557617188,
      -20.43856430053711,
      -16.070484161376953,
      -13.785629272460938,
      -9.030080795288086,
      0.9661020040512085,
      9.694498062133789,
      13.952081680297852,
      16.226856231689453,
      15.275954246520996,
      -6.539711952209473,
      -10.763969421386719,
      9.03605842590332,
      14.888580322265625,
      18.399921417236328,
      20.151729583740234,
      11.85795783996582,
      7.707530975341797,
      12.013237953186035,
      14.54102897644043,
      21.084701538085938
    ],
    [
      19.838642120361328,
      13.622520446777344,
      7.138742446899414,
      -12.93007755279541,
      -20.9893798828125,
      -22.28436851501465,
      -16.01604652404785,
      -13.969085693359375,
      -19.378265380859375,
      -22.494129180908203,
      -22.756771087646484,
      -20.970176696777344,
      -9.080503463745117,
      3.4356837272644043,
      -1.0684013366699219,
      -4.808073997497559,
      -16.802085876464844,
      -12.755373001098633,
      -7.1544575691223145,
      1.1933456659317017,
      -0.43197622895240784,
      0.7318470478057861,
      13.806243896484375,
      30.33963394165039,
      25.471778869628906
    ],
    [
      22.071104049682617,
      21.909358978271484,
      23.115217208862305,
      5.068624496459961,
      2.607363224029541,
      12.442140579223633,
      15.806479454040527,
      9.608165740966797,
      4.2396745681762695,
      3.4655752182006836,
      2.483203411102295,
      -4.708587646484375,
      -16.06802749633789,
      -17.809412002563477,
      -11.402732849121094,
      -9.753952026367188,
      -12.817634582519531,
      -6.7853617668151855,
      -4.79164457321167,
      -1.7416918277740479,
      1.1955368518829346,
      5.255390167236328,
      7.035954475402832,
      8.89763069152832,
      7.8453474044799805
    ],
    [
      4.854723930358887,
      5.009397506713867,
      5.309225082397461,
      -13.068840026855469,
      -13.064424514770508,
      -7.527406692504883,
      -7.8717827796936035,
      -13.668131828308105,
      -22.36228370666504,
      -30.324752807617188,
      -34.615562438964844,
      -36.04930877685547,
      -28.115219116210938,
      -19.249940872192383,
      -17.38876724243164,
      -9.749307632446289,
      -2.065601110458374,
      3.785135269165039,
      6.204309940338135,
      4.568200588226318,
      3.6518266201019287,
      1.294962763786316,
      4.729422569274902,
      6.070486545562744,
      -2.0259313583374023
    ],
    [
      6.115954399108887,
      1.0268683433532715,
      1.0336148738861084,
      -11.28087043762207,
      -0.027312159538269043,
      1.2377464771270752,
      -0.8041234016418457,
      -2.7186625003814697,
      -2.3730850219726562,
      3.0546956062316895,
      4.623134613037109,
      3.205399513244629,
      1.9673740863800049,
      -0.3962482213973999,
      -3.536259651184082,
      -0.22398611903190613,
      -5.981672286987305,
      -2.4408984184265137,
      -1.1364071369171143,
      -5.462352752685547,
      -6.43747615814209,
      -0.866578221321106,
      -0.5903466939926147,
      -4.141380786895752,
      0.7573182582855225
    ],
    [
