{
  "question_id": 0,
  "text": "play",
  "mfcc": [
    [
      -170.88449096679688,
      -166.00521850585938,
      -204.8008270263672,
      -179.9789581298828,
      -146.3529052734375,
      -141.33743286132812,
      -78.2730484008789,
      -32.083770751953125,
      -24.823301315307617,
      -27.909759521484375,
      -24.00974464416504,
      -24.56395149230957,
      -26.690664291381836,
      -17.596506118774414,
      -22.30190086364746,
      -37.270896911621094,
      -63.109153747558594,
      -88.53369140625,
      -110.11438751220703,
      -136.75729370117188,
      -153.1042022705078,
      -184.8704833984375,
      -225.97525024414062,
      -277.9989013671875,
      -318.4152526855469,
      -337.0660400390625,
      -349.1282958984375,
      -366.1919250488281,
      -392.9613342285156
    ],
    [
      115.04325866699219,
      107.82119750976562,
      87.9403076171875,
      127.10218811035156,
      144.49835205078125,
      137.8543701171875,
      125.694091796875,
      116.38251495361328,
      104.99649047851562,
      102.79598999023438,
      107.65357971191406,
      106.76632690429688,
      99.03022766113281,
      98.80857849121094,
      96.44662475585938,
      94.29397583007812,
      97.4081802368164,
      91.50898742675781,
      85.83160400390625,
      84.15657043457031,
      81.33650207519531,
      68.33708190917969,
      69.23495483398438,
      75.98928833007812,
      82.33566284179688,
      95.2760238647461,
      94.76461791992188,
      96.48872375488281,
      100.66535949707031
    ],
    [
      19.58718490600586,
      5.242523193359375,
      -20.462482452392578,
      31.211772918701172,
      49.94170379638672,
      36.47880554199219,
      5.553998947143555,
      -19.809661865234375,
      -46.627891540527344,
      -61.154762268066406,
      -63.21807098388672,
      -64.91081237792969,
      -60.716773986816406,
      -39.86566162109375,
      -31.272117614746094,
      -34.43137741088867,
      -37.7274284362793,
      -34.30738067626953,
      -25.009857177734375,
      -6.650509834289551,
      4.117072105407715,
      10.891733169555664,
      19.560373306274414,
      26.948753356933594,
      21.470890045166016,
      4.3625593185424805,
      -14.186944007873535,
      -23.964872360229492,
      -10.71127986907959
    ],
    [
      -2.047960042953491,
      5.807297229766846,
      6.393880844116211,
      17.702199935913086,
      -3.962068796157837,
      -7.544361114501953,
      -9.725127220153809,
      -12.004854202270508,
      -10.662565231323242,
      -11.853992462158203,
      -5.828066349029541,
      5.050765514373779,
      4.703691482543945,
      13.774259567260742,
      16.208171844482422,
      13.514493942260742,
      17.105979919433594,
      20.011981964111328,
      18.409011840820312,
      21.35012435913086,
      25.049522399902344,
      29.15213394165039,
      34.44154357910156,
      31.925193786621094,
      20.45755958557129,
      3.6483073234558105,
      -7.860657215118408,
      -15.254791259765625,
      -11.510659217834473
    ],
    [
      -20.182682037353516,
      -22.69537353515625,
      -24.513408660888672,
      -26.826940536499023,
      -35.70443344116211,
      -28.988698959350586,
      -15.677000045776367,
      -9.592472076416016,
      -8.331043243408203,
      -2.0212337970733643,
      -0.7962720394134521,
      -1.9887797832489014,
      -1.6737202405929565,
      11.152838706970215,
      16.99054718017578,
      20.152385711669922,
      21.137521743774414,
      24.742656707763672,
      24.948331832885742,
      29.262405395507812,
      29.329586029052734,
      29.22539520263672,
      29.9429931640625,
      33.20716094970703,
      32.12314224243164,
      23.456409454345703,
      11.21457290649414,
      7.8426289558410645,
      12.887290954589844
    ],
    [
      5.790904521942139,
      5.190980911254883,
      7.962706565856934,
      -8.765242576599121,
      -9.256032943725586,
      -10.364641189575195,
      -18.164464950561523,
      -23.198959350585938,
      -22.866662979125977,
      -24.96251678466797,
      -22.744230270385742,
      -19.226314544677734,
      -25.332782745361328,
      -28.02305030822754,
      -30.02487564086914,
      -33.59618377685547,
      -36.62477111816406,
      -35.63425064086914,
      -32.0128288269043,
      -29.893291473388672,
      -26.196990966796875,
      -22.009254455566406,
      -13.731348991394043,
      -9.938888549804688,
      -5.043115615844727,
      6.239904880523682,
      16.41884422302246,
      17.34998893737793,
      11.127696990966797
    ],
    [
      13.03951358795166,
      17.80682373046875,
      32.625675201416016,
      16.454259872436523,
      14.060688018798828,
      17.605911254882812,
      3.1803014278411865,
      -5.973903656005859,
      -3.1085360050201416,
      0.01542973518371582,
      -7.211852550506592,
      -16.60694122314453,
      -22.084842681884766,
      -23.592239379882812,
      -28.037981033325195,
      -31.142297744750977,
      -34.11388397216797,
      -30.520099639892578,
      -29.98095703125,
      -33.137054443359375,
      -34.35821533203125,
      -27.152917861938477,
      -14.019325256347656,
      -9.759852409362793,
      -11.162956237792969,
      -5.9501261711120605,
      -2.496776580810547,
      -0.5174596309661865,
      1.6329654455184937
    ],
    [
      -12.858909606933594,
      -6.14277458190918,
      3.5107786655426025,
      -26.698463439941406,
      -38.09122085571289,
      -39.09587860107422,
      -21.035472869873047,
      -9.649700164794922,
      -1.4703577756881714,
      6.316571235656738,
      10.061141014099121,
      13.132009506225586,
      14.360574722290039,
      13.139930725097656,
      17.20989990234375,
      11.556120872497559,
      4.501255989074707,
      5.0820512771606445,
      3.467719078063965,
      3.110508918762207,
      8.214859008789062,
      12.094103813171387,
      19.05858612060547,
      19.56222152709961,
      26.037601470947266,
      32.76976776123047,
      25.277996063232422,
      12.334304809570312,
      7.310234069824219
    ],
    [
      1.4034416675567627,
      4.738673210144043,
      15.437336921691895,
      -2.9062108993530273,
      -11.749161720275879,
      -18.642498016357422,
      -30.156476974487305,
      -33.789222717285156,
      -26.75461196899414,
      -22.38922882080078,
      -17.99971580505371,
      -15.226877212524414,
      -14.848420143127441,
      -9.9510498046875,
      -7.24967098236084,
      -9.491626739501953,
      -8.39551067352295,
      -2.4404256343841553,
      3.0875134468078613,
      3.746474027633667,
      6.24333381652832,
      10.34854507446289,
      16.615337371826172,
      25.534189224243164,
      34.54985809326172,
      38.66572570800781,
      34.255550384521484,
      20.924781799316406,
      8.607431411743164
    ],
    [
      3.269645929336548,
      -2.1172752380371094,
      7.8360395431518555,
      3.482466697692871,
      4.899330139160156,
      8.023980140686035,
      19.168617248535156,
      31.434101104736328,
      37.35575485229492,
      41.86042022705078,
      41.15782928466797,
      36.622623443603516,
      36.01599884033203,
      33.151710510253906,
      32.402671813964844,
      26.71441650390625,
      20.904850006103516,
      19.055458068847656,
      9.79262924194336,
      0.30930233001708984,
      -4.990317344665527,
      -6.295283794403076,
      -8.522726058959961,
      -7.554952144622803,
      -4.387087821960449,
      0.37361180782318115,
      -0.9723737239837646,
      -9.573160171508789,
      -8.842824935913086
    ],
    [
      4.123525619506836,
      11.778730392456055,
      22.77724266052246,
      -5.951205253601074,
      -24.674285888671875,
      -32.84381103515625,
      -17.23889923095703,
      -11.513528823852539,
      -19.326574325561523,
      -20.891921997070312,
      -22.260738372802734,
