{
  "question_id": 0,
  "text": "river",
  "mfcc": [
    [
      -382.3013610839844,
      -303.2802734375,
      -275.7597961425781,
      -216.89649963378906,
      -127.92801666259766,
      -99.22897338867188,
      -106.4479751586914,
      -106.59264373779297,
      -113.85338592529297,
      -161.7610626220703,
      -225.06564331054688,
      -174.5401153564453,
      -101.23612976074219,
      -85.39603424072266,
      -66.0338363647461,
      -75.5704345703125,
      -133.66033935546875,
      -174.22178649902344,
      -194.9821014404297,
      -211.85093688964844,
      -227.54925537109375,
      -246.42266845703125,
      -277.5250244140625,
      -305.6455383300781,
      -337.3304443359375,
      -357.6285400390625
    ],
    [
      149.7625732421875,
      194.2568817138672,
      189.52456665039062,
      181.05526733398438,
      161.47958374023438,
      133.23916625976562,
      103.1617660522461,
      90.07730865478516,
      109.3813247680664,
      135.84176635742188,
      92.2439956665039,
      61.40184020996094,
      121.95567321777344,
      168.52035522460938,
      169.2504119873047,
      154.82199096679688,
      154.29615783691406,
      160.11163330078125,
      159.7626953125,
      167.604736328125,
      164.3408660888672,
      153.2972412109375,
      145.13619995117188,
      138.47964477539062,
      119.22164916992188,
      107.0488510131836
    ],
    [
      58.14168167114258,
      38.43720245361328,
      29.573322296142578,
      0.5171050429344177,
      -32.676509857177734,
      -47.270225524902344,
      -49.974761962890625,
      -33.60523223876953,
      -18.149091720581055,
      -4.625982284545898,
      47.27634048461914,
      41.57593536376953,
      36.85940933227539,
      18.15656089782715,
      -0.5933566093444824,
      -12.8031005859375,
      -17.46890640258789,
      -6.823685646057129,
      -1.6950109004974365,
      6.433215141296387,
      4.273769378662109,
      -7.431371688842773,
      -5.433252334594727,
      -7.039109230041504,
      -20.420583724975586,
      -25.94292449951172
    ],
    [
      4.218301296234131,
      -9.378457069396973,
      -18.563732147216797,
      -36.26248550415039,
      -22.07033920288086,
      -9.285842895507812,
      2.3862760066986084,
      6.676580429077148,
      2.5746960639953613,
      -4.087335586547852,
      -2.6433093547821045,
      3.5791573524475098,
      -8.660360336303711,
      -17.899459838867188,
      -22.58186912536621,
      -27.89168357849121,
      -32.04767990112305,
      -35.1099853515625,
      -34.55144500732422,
      -31.22394371032715,
      -20.79458236694336,
      -12.867233276367188,
      -7.992913246154785,
      -8.840997695922852,
      -7.639736175537109,
      -4.324698448181152
    ],
    [
      2.276552200317383,
      0.6185708045959473,
      9.79835319519043,
      27.493770599365234,
      32.10523986816406,
      32.54039001464844,
      28.065841674804688,
      17.843791961669922,
      13.261825561523438,
      13.412986755371094,
      21.225786209106445,
      21.79576873779297,
      9.734016418457031,
      0.34410548210144043,
      3.7652695178985596,
      6.387531280517578,
      12.632246017456055,
      14.666383743286133,
      12.834604263305664,
      14.955138206481934,
      16.76800537109375,
      17.609416961669922,
      23.65320587158203,
      22.40081024169922,
      19.260723114013672,
      14.209816932678223
    ],
    [
      12.09937858581543,
      16.65740966796875,
      12.877265930175781,
      6.004633903503418,
      -4.612529754638672,
      -6.597607612609863,
      -14.140279769897461,
      -16.892078399658203,
      -7.909703254699707,
      -1.2514162063598633,
      -4.892512321472168,
      -13.82732105255127,
      -16.24944496154785,
      -10.970514297485352,
      -15.278573989868164,
      -9.852185249328613,
      -0.7945684790611267,
      8.866352081298828,
      14.635260581970215,
      15.922563552856445,
      12.402448654174805,
      11.845138549804688,
      21.674945831298828,
      28.96154022216797,
      27.583572387695312,
      19.655773162841797
    ],
    [
      6.027395248413086,
      12.638525009155273,
      12.79477310180664,
      9.830748558044434,
      -1.0360674858093262,
      -8.918729782104492,
      -23.36539077758789,
      -30.95199203491211,
      -22.49493980407715,
      -8.745184898376465,
      3.112689971923828,
      -0.7213488221168518,
      -6.318167686462402,
      -7.005697250366211,
      2.8717565536499023,
      9.772422790527344,
      15.768709182739258,
      14.678482055664062,
      13.710987091064453,
      15.785228729248047,
      16.020957946777344,
      17.260513305664062,
      27.464736938476562,
      31.98134994506836,
      27.240520477294922,
      21.360301971435547
    ],
    [
      -4.5958051681518555,
      -15.87583065032959,
      -15.108599662780762,
      -21.580196380615234,
      -32.80930709838867,
      -33.533714294433594,
      -35.003177642822266,
      -32.900299072265625,
      -33.77295684814453,
      -34.806053161621094,
      -22.888710021972656,
      -23.31531524658203,
      -34.25159454345703,
      -38.9532356262207,
      -48.21440887451172,
      -50.089717864990234,
      -56.11021423339844,
      -59.72222137451172,
      -59.457950592041016,
      -55.29747009277344,
      -47.72317886352539,
      -41.29661560058594,
      -22.310930252075195,
      -7.191893577575684,
      -8.030025482177734,
      -10.167854309082031
    ],
    [
      -7.665215492248535,
      -8.524845123291016,
      -11.352483749389648,
      -21.86505889892578,
      -16.580440521240234,
      -13.698323249816895,
      -14.28187370300293,
      -11.963889122009277,
      -15.44795036315918,
      -13.082666397094727,
      -8.182320594787598,
      -9.306886672973633,
      -12.411666870117188,
      -12.297646522521973,
      -12.175684928894043,
      -9.412406921386719,
      -5.858367919921875,
      2.098041296005249,
      7.389899253845215,
      14.741622924804688,
      16.251911163330078,
      21.163204193115234,
      23.17430877685547,
      23.576271057128906,
      10.744993209838867,
      1.3109869956970215
    ],
    [
      -13.855546951293945,
      -8.274324417114258,
      -5.647651672363281,
      1.1335734128952026,
      0.24344104528427124,
      2.0613255500793457,
      4.400965690612793,
      5.099199295043945,
      5.950508117675781,
      5.025498390197754,
      -7.664897918701172,
      -6.853271961212158,
      -2.227285385131836,
      6.601598739624023,
      23.056800842285156,
      30.07247543334961,
      31.84444808959961,
      30.21602439880371,
      27.814350128173828,
      26.085269927978516,
      27.397857666015625,
      26.482769012451172,
      23.412155151367188,
      20.698524475097656,
      21.9206485748291,
      20.972633361816406
    ],
    [
      -24.354446411132812,
      -31.653705596923828,
      -35.65165710449219,
      -40.510353088378906,
      -44.03575897216797,
      -45.99245834350586,
      -41.57909393310547,
      -36.463478088378906,
      -32.06471252441406,
      -28.697311401367188,
      -18.54596519470215,
      -6.720515251159668,
      -8.338991165161133,
      -20.95516586303711,
      -34.211090087890625,
      -34.88624572753906,
      -31.128950119018555,
      -24.920679092407227,
      -22.5965633392334,
      -17.46136474609375,
      -13.229560852050781,
      -13.549596786499023,
      -14.862954139709473,
      -11.791784286499023,
      -9.838302612304688,
      -11.689905166625977
    ],
    [
      -24.295215606689453,
      -30.07365608215332,
      -22.97357177734375,
      -7.925002098083496,
      -0.40013980865478516,
      1.8399046659469604,
      4.202621936798096,
      -2.487445831298828,
      -1.1270302534103394,
      -0.8997562527656555,
      -4.432287216186523,
      -0.04819613695144653,
      -3.000060558319092,
      5.1675872802734375,
