{
  "question_id": 0,
  "text": "run",
  "mfcc": [
    [
      -431.3914794921875,
      -345.5527648925781,
      -307.8018493652344,
      -280.24481201171875,
      -192.66505432128906,
      -103.79288482666016,
      -71.37571716308594,
      -82.70993041992188,
      -67.58344268798828,
      -48.26467514038086,
      -42.01430130004883,
      -41.76543426513672,
      -41.76267623901367,
      -57.44601058959961,
      -125.34424591064453,
      -228.5113525390625,
      -269.3909912109375,
      -298.87860107421875,
      -273.18963623046875,
      -206.26832580566406,
      -193.78790283203125,
      -210.54344177246094,
      -244.59597778320312,
      -289.96551513671875,
      -331.4513244628906,
      -378.1582336425781,
      -423.6529541015625
    ],
    [
      138.05715942382812,
      186.83885192871094,
      177.0723114013672,
      161.97607421875,
      176.3905029296875,
      162.39132690429688,
      134.9239501953125,
      107.90577697753906,
      103.04121398925781,
      112.56114959716797,
      122.79130554199219,
      120.53016662597656,
      114.92521667480469,
      122.07112121582031,
      128.80531311035156,
      113.33934020996094,
      102.13163757324219,
      97.78724670410156,
      103.49835205078125,
      105.85401916503906,
      100.52230834960938,
      103.00198364257812,
      102.68963623046875,
      103.3325424194336,
      108.52680969238281,
      114.04522705078125,
      105.51754760742188
    ],
    [
      63.60466766357422,
      58.93370056152344,
      47.301361083984375,
      26.221921920776367,
      7.988579750061035,
      -17.26242446899414,
      -28.910371780395508,
      -31.184940338134766,
      -48.21535110473633,
      -58.21522521972656,
      -62.267581939697266,
      -59.885093688964844,
      -49.14535903930664,
      -31.024635314941406,
      -12.387836456298828,
      7.259526252746582,
      16.00766372680664,
      26.735763549804688,
      25.404224395751953,
      23.181964874267578,
      12.137429237365723,
      0.3158160448074341,
      -1.7275484800338745,
      -10.591209411621094,
      -20.485509872436523,
      -14.602813720703125,
      2.422990560531616
    ],
    [
      11.92502212524414,
      -8.429608345031738,
      -13.545293807983398,
      -29.500415802001953,
      -51.30677795410156,
      -43.481624603271484,
      -29.39337921142578,
      -16.999828338623047,
      -19.70174217224121,
      -25.504817962646484,
      -27.358142852783203,
      -30.356525421142578,
      -19.518516540527344,
      1.108142614364624,
      18.895118713378906,
      40.237274169921875,
      43.31221389770508,
      44.40287780761719,
      36.424835205078125,
      16.729263305664062,
      -0.8144850134849548,
      2.7580957412719727,
      5.877179145812988,
      -4.036037445068359,
      -4.888035774230957,
      -10.22352409362793,
      -14.962263107299805
    ],
    [
      3.605708122253418,
      9.201324462890625,
      9.656767845153809,
      3.8399438858032227,
      6.774206161499023,
      15.70709228515625,
      9.608882904052734,
      -15.660308837890625,
      -27.78976821899414,
      -28.30698013305664,
      -25.871658325195312,
      -20.772808074951172,
      -17.50979995727539,
      -7.233546257019043,
      2.200697898864746,
      16.34920310974121,
      18.554351806640625,
      18.931413650512695,
      12.308431625366211,
      14.35358715057373,
      14.424295425415039,
      17.391971588134766,
      11.294190406799316,
      -4.18701171875,
      -10.918256759643555,
      -11.027151107788086,
      -1.4075909852981567
    ],
    [
      12.315539360046387,
      16.175268173217773,
      15.210018157958984,
      10.179153442382812,
      0.5033525228500366,
      -11.869035720825195,
      -15.951740264892578,
      -19.432701110839844,
      -14.55411434173584,
      -10.608053207397461,
      -12.572274208068848,
      -15.472602844238281,
      -11.237549781799316,
      -1.6053245067596436,
      5.9634623527526855,
      13.601099967956543,
      11.220418930053711,
      11.662026405334473,
      8.730813980102539,
      5.36424446105957,
      7.10396146774292,
      4.109897613525391,
      4.690655708312988,
      10.494918823242188,
      4.736975193023682,
      2.7351481914520264,
      6.333393096923828
    ],
    [
      10.375772476196289,
      15.198826789855957,
      18.591053009033203,
      20.200420379638672,
      16.183366775512695,
      10.074859619140625,
      5.788150310516357,
      6.896315574645996,
      10.408377647399902,
      17.930713653564453,
      21.697053909301758,
      15.489450454711914,
      5.88592529296875,
      2.7519097328186035,
      1.2041822671890259,
      -10.411879539489746,
      -15.29573917388916,
      -19.401840209960938,
      -16.214244842529297,
      -3.823155403137207,
      3.978844165802002,
      11.396150588989258,
      14.988608360290527,
      15.262928009033203,
      6.2717461585998535,
      -0.22219979763031006,
      2.354470729827881
    ],
    [
      -3.4491991996765137,
      -11.981454849243164,
      -8.563470840454102,
      -9.269250869750977,
      -27.913997650146484,
      -27.81653594970703,
      -20.239864349365234,
      -6.331899642944336,
      2.575254440307617,
      6.668142318725586,
      1.1528314352035522,
      -3.986872673034668,
      -4.736705780029297,
      -5.15634822845459,
      -2.799346446990967,
      13.063461303710938,
      12.80483627319336,
      13.951854705810547,
      3.3798465728759766,
      -1.1437947750091553,
      3.178496837615967,
      7.419541358947754,
      15.986726760864258,
      15.14824104309082,
      8.492883682250977,
      3.386643409729004,
      3.9206557273864746
    ],
    [
      -16.085206985473633,
      -24.63347625732422,
      -31.245655059814453,
      -39.646053314208984,
      -45.921348571777344,
      -38.05989456176758,
      -34.48638916015625,
      -29.388439178466797,
      -33.84822082519531,
      -31.828624725341797,
      -21.797061920166016,
      -21.77214813232422,
      -18.90121841430664,
      -16.3734073638916,
      -16.654956817626953,
      -19.490009307861328,
      -17.50641632080078,
      -12.242910385131836,
      -5.36367654800415,
      3.212437152862549,
      15.32107925415039,
      26.276092529296875,
      33.93096923828125,
      30.038360595703125,
      25.57520294189453,
      16.08177375793457,
      9.223522186279297
    ],
    [
      -22.111621856689453,
      -12.850830078125,
      -3.245205879211426,
      5.942092418670654,
      14.898714065551758,
      19.804794311523438,
      23.349788665771484,
      21.314186096191406,
      18.09121322631836,
      20.86977767944336,
      24.027542114257812,
      30.78827667236328,
      34.946746826171875,
      38.89793395996094,
      33.46812438964844,
      3.301448345184326,
      -3.1060736179351807,
      -3.279036521911621,
      2.2939159870147705,
      17.281841278076172,
      23.17148208618164,
      20.48310089111328,
      18.828336715698242,
      13.468600273132324,
      3.6476898193359375,
      1.3537943363189697,
      3.015026092529297
    ],
    [
      -23.515411376953125,
      -29.16265869140625,
      -34.377288818359375,
      -27.781648635864258,
      -25.025896072387695,
      -28.525253295898438,
      -24.961341857910156,
      -20.885452270507812,
      -15.67983341217041,
      -11.507184028625488,
      -6.761442184448242,
      -10.311161994934082,
      -16.751461029052734,
      -17.76752471923828,
      -13.06821060180664,
      -7.844660758972168,
      -9.212678909301758,
      -9.765280723571777,
      -14.618064880371094,
      -15.207856178283691,
      -16.10931396484375,
      -15.25531005859375,
      -9.137088775634766,
      -0.8607004880905151,
      -3.016214370727539,
      -6.525237560272217,
      -6.429634094238281
    ],
    [
      -19.66413688659668,
      -26.282188415527344,
      -25.103544235229492,
