{
  "question_id": 0,
  "text": "sing",
  "mfcc": [
    [
      -307.5682067871094,
      -233.15834045410156,
      -196.42860412597656,
      -172.23992919921875,
      -159.54222106933594,
      -155.6652069091797,
      -154.42137145996094,
      -124.66216278076172,
      -43.83415222167969,
      -22.728609085083008,
      -36.38689422607422,
      -55.71116256713867,
      -65.71588134765625,
      -69.68148803710938,
      -75.01737213134766,
      -90.11563873291016,
      -121.73910522460938,
      -164.77622985839844,
      -208.98831176757812,
      -229.14076232910156,
      -266.2428283691406,
      -287.34307861328125,
      -236.9806365966797,
      -244.24095153808594,
      -295.55926513671875,
      -325.7679748535156
    ],
    [
      -57.09051513671875,
      -81.46334838867188,
      -94.85960388183594,
      -92.23695373535156,
      -84.58433532714844,
      -87.65267944335938,
      -95.23788452148438,
      -74.80184936523438,
      23.8124942779541,
      90.05101013183594,
      95.31608581542969,
      69.48518371582031,
      64.4404067993164,
      61.02600860595703,
      58.34135437011719,
      59.22637939453125,
      67.92493438720703,
      91.05717468261719,
      111.370361328125,
      116.96105194091797,
      121.85282897949219,
      111.46737670898438,
      62.54493713378906,
      44.53203201293945,
      45.11623001098633,
      52.939849853515625
    ],
    [
      24.993995666503906,
      32.69756317138672,
      31.877708435058594,
      16.665241241455078,
      4.966182708740234,
      4.539392471313477,
      15.81878662109375,
      40.136878967285156,
      56.32106399536133,
      -3.0812666416168213,
      -47.190589904785156,
      -50.916324615478516,
      -49.61235809326172,
      -45.03750991821289,
      -40.752254486083984,
      -37.401611328125,
      -26.80372428894043,
      -17.449790954589844,
      -10.943464279174805,
      1.2981610298156738,
      14.359172821044922,
      14.989566802978516,
      2.7012734413146973,
      10.666875839233398,
      29.967390060424805,
      21.391796112060547
    ],
    [
      12.303391456604004,
      4.518117904663086,
      0.15704280138015747,
      -12.461214065551758,
      -20.57266616821289,
      -26.636486053466797,
      -26.376083374023438,
      -3.4983937740325928,
      9.206530570983887,
      30.136985778808594,
      59.813446044921875,
      72.73164367675781,
      77.83631134033203,
      72.52704620361328,
      71.26886749267578,
      70.34088897705078,
      60.520103454589844,
      31.693199157714844,
      14.515811920166016,
      17.8353328704834,
      20.387563705444336,
      24.003437042236328,
      46.60968780517578,
      55.518192291259766,
      55.262359619140625,
      52.73622131347656
    ],
    [
      7.745260715484619,
      -5.529449939727783,
      -9.954327583312988,
      3.1148900985717773,
      3.983034133911133,
      4.236620903015137,
      8.093313217163086,
      16.501413345336914,
      15.36148452758789,
      13.831464767456055,
      1.0290497541427612,
      -1.3383091688156128,
      -3.345437526702881,
      -3.115570545196533,
      -5.111374855041504,
      -9.929807662963867,
      -13.66897964477539,
      -9.65005111694336,
      -5.403327465057373,
      -6.096009731292725,
      -1.5656133890151978,
      -3.911381244659424,
      -9.130562782287598,
      -9.875808715820312,
      -26.899768829345703,
      -26.652019500732422
    ],
    [
      8.974821090698242,
      4.469012260437012,
      7.298866271972656,
      12.18005084991455,
      6.264483451843262,
      3.253418207168579,
      -1.7898772954940796,
      -1.325456142425537,
      -12.489450454711914,
      -18.58489227294922,
      -16.13594627380371,
      -22.657384872436523,
      -26.34648895263672,
      -29.783435821533203,
      -29.783353805541992,
      -21.872425079345703,
      -3.802258253097534,
      4.988402843475342,
      3.716104030609131,
      3.5175087451934814,
      5.0884294509887695,
      -0.45667606592178345,
      -12.273294448852539,
      -11.564725875854492,
      -15.969518661499023,
      -17.773277282714844
    ],
    [
      -25.199440002441406,
      -24.091445922851562,
      -21.196346282958984,
      -24.679500579833984,
      -29.345714569091797,
      -27.030797958374023,
      -25.491437911987305,
      -17.28371810913086,
      -25.73004913330078,
      -24.66042137145996,
      -28.395782470703125,
      -27.31084632873535,
      -21.931499481201172,
      -13.197061538696289,
      -3.389533519744873,
      -1.4147251844406128,
      -1.494154453277588,
      -4.413600444793701,
      -0.6912510991096497,
      -2.9955973625183105,
      -4.518713474273682,
      3.3857336044311523,
      -9.115205764770508,
      -13.95970344543457,
      -11.137954711914062,
      -11.196479797363281
    ],
    [
      -4.488985061645508,
      -6.324223041534424,
      -3.648209571838379,
      -2.8613176345825195,
      -1.8365732431411743,
      0.724539041519165,
      -0.387466162443161,
      -5.821326732635498,
      -14.274991989135742,
      -18.516986846923828,
      -18.829357147216797,
      -14.150936126708984,
      -8.772665023803711,
      -4.096072196960449,
      7.890725135803223,
      11.858421325683594,
      3.0118319988250732,
      -7.361715316772461,
      -21.170398712158203,
      -28.148767471313477,
      -24.021759033203125,
      -11.564079284667969,
      -5.210968017578125,
      -0.9997081756591797,
      15.257999420166016,
      14.960905075073242
    ],
    [
      -8.208710670471191,
      -10.62298583984375,
      -13.488658905029297,
      -13.956607818603516,
      -13.46662712097168,
      -14.398797035217285,
      -9.643221855163574,
      -15.347813606262207,
      -23.345943450927734,
      -21.904006958007812,
      -23.583391189575195,
      -22.697757720947266,
      -25.50861358642578,
      -27.95603370666504,
      -29.004985809326172,
      -33.88041687011719,
      -41.92864990234375,
      -26.682004928588867,
      -7.857831001281738,
      -11.555289268493652,
      -14.187082290649414,
      -20.267742156982422,
      -23.35666847229004,
      -18.96349334716797,
      -3.4225029945373535,
      0.7677945494651794
    ],
    [
      3.101496696472168,
      3.28690767288208,
      4.3043951988220215,
      1.562368392944336,
      -1.5275299549102783,
      -0.4380740225315094,
      2.5822010040283203,
      -3.506221294403076,
      -14.342580795288086,
      -19.427310943603516,
      -15.385381698608398,
      -10.44215202331543,
      -9.077302932739258,
      -13.881882667541504,
      -15.298972129821777,
      -18.713336944580078,
      -31.877782821655273,
      -42.51470947265625,
      -44.97875213623047,
      -43.723548889160156,
      -42.86936569213867,
      -31.041500091552734,
      -16.6832218170166,
      -12.050932884216309,
      -13.873899459838867,
      -15.296217918395996
    ],
    [
      -12.21910285949707,
      -13.79765510559082,
      -10.16226863861084,
      -14.046229362487793,
      -14.427801132202148,
      -16.447534561157227,
      -15.10814380645752,
      -19.386856079101562,
      -35.666595458984375,
      -31.470382690429688,
      -24.953006744384766,
      -21.6798095703125,
      -23.58039093017578,
      -25.651229858398438,
      -22.362796783447266,
      -15.419456481933594,
      -9.706236839294434,
      -6.624301433563232,
      -8.422063827514648,
      -10.112180709838867,
      -11.011604309082031,
      -12.846854209899902,
      -12.290576934814453,
      -8.815908432006836,
      -6.558293342590332,
      -4.646489143371582
    ],
    [
      -4.6060590744018555,
      -1.0951151847839355,
      0.197640061378479,
      -2.9590487480163574,
      -5.934358596801758,
      -6.383945465087891,
      2.044471263885498,
      2.4058401584625244,
      -3.1521034240722656,
      -5.376443862915039,
      0.5210015773773193,
      2.084186315536499,
