{
  "question_id": 0,
  "text": "sister",
  "mfcc": [
    [
      -297.4923095703125,
      -234.4376983642578,
      -208.77976989746094,
      -193.04623413085938,
      -186.66880798339844,
      -173.92723083496094,
      -143.66641235351562,
      -64.22490692138672,
      -21.028945922851562,
      -21.636432647705078,
      -11.926072120666504,
      10.101431846618652,
      -8.391081809997559,
      -67.9725341796875,
      -115.03792572021484,
      -140.98545837402344,
      -156.60498046875,
      -202.99246215820312,
      -283.2648620605469,
      -181.0306854248047,
      -68.59197998046875,
      -9.471772193908691,
      -34.885047912597656,
      -52.74729537963867,
      -79.10982513427734,
      -113.92330169677734,
      -149.35409545898438,
      -169.52188110351562,
      -203.1234588623047,
      -252.98544311523438,
      -303.1767272949219,
      -340.9314880371094,
      -380.84735107421875,
      -431.3115539550781
    ],
    [
      -65.94219970703125,
      -95.13641357421875,
      -110.99955749511719,
      -114.04714965820312,
      -113.975830078125,
      -109.52790832519531,
      -100.1046142578125,
      -4.84906005859375,
      82.96273803710938,
      105.84068298339844,
      79.21986389160156,
      69.1579818725586,
      27.820011138916016,
      -27.560253143310547,
      -54.66874694824219,
      -63.41163635253906,
      -70.60163879394531,
      -61.701419830322266,
      -20.986351013183594,
      -40.744056701660156,
      6.92474889755249,
      84.18058776855469,
      156.63360595703125,
      162.8434600830078,
      163.89227294921875,
      170.47743225097656,
      176.68255615234375,
      180.76336669921875,
      173.45977783203125,
      156.49514770507812,
      138.0768585205078,
      121.01626586914062,
      101.23023986816406,
      69.31700134277344
    ],
    [
      25.251220703125,
      34.9892578125,
      48.550994873046875,
      52.90301513671875,
      47.72728729248047,
      40.15400314331055,
      33.553680419921875,
      63.10623550415039,
      23.502286911010742,
      -23.1478271484375,
      -33.82575225830078,
      -9.436561584472656,
      44.589820861816406,
      80.59559631347656,
      76.10860443115234,
      62.44305419921875,
      52.94603729248047,
      52.003929138183594,
      43.433502197265625,
      -2.575376033782959,
      25.960277557373047,
      9.259926795959473,
      -26.60055923461914,
      -39.80605697631836,
      -39.79777145385742,
      -35.395477294921875,
      -36.53181076049805,
      -31.730527877807617,
      -10.499555587768555,
      4.1994123458862305,
      -0.8960477113723755,
      -11.006738662719727,
      -15.020526885986328,
      -0.06929433345794678
    ],
    [
      28.070735931396484,
      20.33112335205078,
      7.712359428405762,
      -5.750234127044678,
      -17.958351135253906,
      -18.7224063873291,
      -11.412694931030273,
      16.693601608276367,
      14.956936836242676,
      33.67475128173828,
      32.05914306640625,
      18.233142852783203,
      -2.673271656036377,
      3.4613192081451416,
      -6.27956485748291,
      -8.689128875732422,
      -7.484678745269775,
      9.99857234954834,
      31.757186889648438,
      57.432456970214844,
      75.74009704589844,
      53.87751007080078,
      39.74638366699219,
      32.082763671875,
      18.990825653076172,
      10.36754035949707,
      6.192936897277832,
      -0.3672853708267212,
      -11.991477966308594,
      -14.138776779174805,
      -5.357973098754883,
      -2.3104407787323,
      -6.32125186920166,
      -2.974947452545166
    ],
    [
      2.8556466102600098,
      -1.4320476055145264,
      -4.41458797454834,
      0.1373211294412613,
      7.196575164794922,
      9.728736877441406,
      -1.0185765027999878,
      0.1796419322490692,
      -4.794817924499512,
      -6.0465474128723145,
      -11.377017974853516,
      -5.571157455444336,
      9.535259246826172,
      18.78934097290039,
      17.721542358398438,
      17.310426712036133,
      9.508040428161621,
      13.059099197387695,
      8.718164443969727,
      -24.4222412109375,
      -18.405014038085938,
      -13.848047256469727,
      5.25529146194458,
      12.25214672088623,
      22.261276245117188,
      31.303312301635742,
      38.189605712890625,
      37.59695816040039,
      38.889251708984375,
      39.51611328125,
      45.780067443847656,
      44.2105827331543,
      35.63702392578125,
      22.47430419921875
    ],
    [
      8.34007740020752,
      10.067094802856445,
      7.181668281555176,
      6.5236077308654785,
      6.722441673278809,
      5.8189377784729,
      2.4084219932556152,
      1.1890780925750732,
      -3.6105945110321045,
      -7.169139862060547,
      -9.57457160949707,
      -4.836804389953613,
      1.9459612369537354,
      2.5863893032073975,
      -3.938981056213379,
      -2.70514178276062,
      0.2035081386566162,
      5.369927406311035,
      1.145268440246582,
      5.410039901733398,
      4.690509796142578,
      3.3603076934814453,
      -3.971745014190674,
      -2.2057559490203857,
      0.40414321422576904,
      -0.03167915344238281,
      2.8704044818878174,
      5.819777965545654,
      9.345837593078613,
      22.725200653076172,
      18.299453735351562,
      10.887768745422363,
      6.686022758483887,
      9.71335220336914
    ],
    [
      -14.617178916931152,
      -14.654256820678711,
      -19.290576934814453,
      -13.243393898010254,
      -5.726245880126953,
      -11.77247428894043,
      -19.765079498291016,
      -13.557426452636719,
      -8.667566299438477,
      -12.736442565917969,
      -24.096397399902344,
      -25.849544525146484,
      -32.570777893066406,
      -27.633270263671875,
      -18.70453643798828,
      -20.28081512451172,
      -18.106342315673828,
      -13.126590728759766,
      -10.541091918945312,
      1.7591195106506348,
      -2.613786220550537,
      -14.888931274414062,
      -32.340110778808594,
      -35.305389404296875,
      -32.145957946777344,
      -29.471628189086914,
      -31.502670288085938,
      -36.87748718261719,
      -37.793304443359375,
      -32.470298767089844,
      -29.736291885375977,
      -31.877971649169922,
      -33.962196350097656,
      -20.09871482849121
    ],
    [
      -8.070779800415039,
      -4.317907810211182,
      -6.469848155975342,
      -5.310151100158691,
      -0.30439692735671997,
      2.677196979522705,
      -3.6513938903808594,
      -5.000104904174805,
      -10.393791198730469,
      -15.47428035736084,
      -23.98909568786621,
      -21.181711196899414,
      -19.791364669799805,
      -20.418441772460938,
      -14.917360305786133,
      -14.058042526245117,
      -6.751368999481201,
      -5.208525657653809,
      -3.7695231437683105,
      -21.07748794555664,
      -28.210861206054688,
      -34.55237579345703,
      -28.610774993896484,
      -34.962615966796875,
      -36.32121276855469,
      -38.38928985595703,
      -36.881195068359375,
      -35.77992248535156,
      -32.870426177978516,
      -28.83936882019043,
      -20.80344581604004,
      -19.808799743652344,
      -25.8052978515625,
      -22.743751525878906
    ],
    [
      -8.67202377319336,
      -10.235002517700195,
      -13.780450820922852,
      -10.201793670654297,
      -7.362985134124756,
      -10.818376541137695,
      -10.70302963256836,
      -17.58965301513672,
      -17.156028747558594,
      -15.422060012817383,
      -13.431640625,
      -7.54493522644043,
      -6.93538761138916,
      -10.096458435058594,
      -13.745515823364258,
      -17.31656265258789,
      -21.064926147460938,
      -25.588441848754883,
      -29.187803268432617,
      -13.811978340148926,
      -18.67156219482422,
      -15.668514251708984,
      -17.205514907836914,
      -12.712979316711426,
      -6.24559211730957,
      -4.926104545593262,
      -8.770620346069336,
      -7.2211456298828125,
      -10.210211753845215,
