{
  "question_id": 0,
  "text": "sleep",
  "mfcc": [
    [
      -288.3780822753906,
      -240.54042053222656,
      -218.22552490234375,
      -195.47030639648438,
      -183.57994079589844,
      -170.7644500732422,
      -135.14459228515625,
      -123.2813949584961,
      -153.414306640625,
      -153.8022003173828,
      -117.68746185302734,
      -63.57511901855469,
      -44.03977584838867,
      -47.97343826293945,
      -61.932674407958984,
      -87.74890899658203,
      -125.66386413574219,
      -213.92349243164062,
      -345.1441955566406,
      -396.2474670410156,
      -393.71807861328125,
      -268.88226318359375,
      -244.59927368164062,
      -298.5906677246094,
      -353.8990173339844,
      -403.2328186035156
    ],
    [
      -67.76942443847656,
      -88.58985900878906,
      -102.55812072753906,
      -110.21446228027344,
      -107.52098083496094,
      -87.07522583007812,
      -25.79450225830078,
      52.54277038574219,
      107.763671875,
      102.61419677734375,
      103.95263671875,
      89.073974609375,
      71.69686126708984,
      64.65847778320312,
      69.4796142578125,
      64.74641418457031,
      74.34423828125,
      101.2574462890625,
      111.50827026367188,
      96.68036651611328,
      97.35964965820312,
      99.6579360961914,
      96.45405578613281,
      96.29720306396484,
      92.86555480957031,
      82.38126373291016
    ],
    [
      14.065401077270508,
      43.09210205078125,
      51.21055603027344,
      43.749298095703125,
      44.71381759643555,
      44.75553894042969,
      31.435970306396484,
      24.540313720703125,
      25.929903030395508,
      22.921375274658203,
      4.933032035827637,
      -6.388236045837402,
      -8.241167068481445,
      4.260100841522217,
      12.857250213623047,
      9.00385570526123,
      3.8358254432678223,
      5.126957416534424,
      39.560447692871094,
      54.411537170410156,
      39.25990295410156,
      -1.3116785287857056,
      -12.150360107421875,
      -19.608985900878906,
      -7.768687725067139,
      15.734723091125488
    ],
    [
      6.485495567321777,
      1.0625882148742676,
      -14.802091598510742,
      -18.348236083984375,
      -18.814035415649414,
      -21.423603057861328,
      -11.625602722167969,
      9.619767189025879,
      18.22199249267578,
      20.975757598876953,
      29.396045684814453,
      50.924293518066406,
      59.61546325683594,
      76.29906463623047,
      93.84907531738281,
      104.88148498535156,
      96.08596801757812,
      75.21722412109375,
      75.65959167480469,
      69.60010528564453,
      45.534027099609375,
      22.94274139404297,
      17.587059020996094,
      18.33774757385254,
      21.375051498413086,
      15.829768180847168
    ],
    [
      15.31970500946045,
      5.00929594039917,
      -0.7929016351699829,
      4.556721210479736,
      8.72067642211914,
      12.14693832397461,
      25.626819610595703,
      23.51026725769043,
      -9.98366928100586,
      -20.197582244873047,
      -7.686189651489258,
      -11.6072359085083,
      -17.008132934570312,
      -12.680832862854004,
      -2.134061336517334,
      7.8962225914001465,
      26.026437759399414,
      37.48680114746094,
      26.641515731811523,
      26.24159049987793,
      24.492813110351562,
      15.59422492980957,
      16.07012939453125,
      18.72928237915039,
      12.23049545288086,
      13.056278228759766
    ],
    [
      7.215874671936035,
      11.006126403808594,
      13.791016578674316,
      13.182384490966797,
      12.965636253356934,
      3.961822509765625,
      -8.604337692260742,
      -11.445676803588867,
      3.8012566566467285,
      17.019649505615234,
      13.777626037597656,
      0.4302334785461426,
      -9.439873695373535,
      -12.07986831665039,
      -15.370296478271484,
      -17.875835418701172,
      -16.981258392333984,
      -9.82480239868164,
      -3.4723525047302246,
      -10.074507713317871,
      0.8884661197662354,
      -0.6748994588851929,
      1.4373000860214233,
      12.568384170532227,
      13.730964660644531,
      15.283143043518066
    ],
    [
      -17.21994400024414,
      -18.077360153198242,
      -9.95956802368164,
      -10.170534133911133,
      -14.610645294189453,
      -23.599403381347656,
      -17.3785400390625,
      -7.211378574371338,
      3.452765941619873,
      7.279287815093994,
      -10.097637176513672,
      -15.521963119506836,
      -13.728094100952148,
      -12.823923110961914,
      -6.507599830627441,
      -10.017672538757324,
      -18.381954193115234,
      -15.431426048278809,
      0.6827186346054077,
      -0.5659143328666687,
      -5.801260948181152,
      -13.569192886352539,
      -12.618949890136719,
      -2.218986988067627,
      7.681694984436035,
      9.39990520477295
    ],
    [
      -6.296360015869141,
      -2.6006522178649902,
      -6.391824722290039,
      -12.54124641418457,
      -12.499841690063477,
      -15.597394943237305,
      -10.25495719909668,
      -15.909833908081055,
      -16.000062942504883,
      -25.53512191772461,
      -28.31875228881836,
      -16.190109252929688,
      -12.956177711486816,
      -12.535987854003906,
      -11.485349655151367,
      -11.217391014099121,
      -8.902135848999023,
      -10.565101623535156,
      -11.986991882324219,
      -13.054163932800293,
      -22.50978660583496,
      -23.21818733215332,
      -24.007904052734375,
      -24.834360122680664,
      -22.80432891845703,
      -13.822216033935547
    ],
    [
      -23.425085067749023,
      -25.884321212768555,
      -24.517086029052734,
      -19.189804077148438,
      -16.43891143798828,
      -22.697301864624023,
      -25.18122100830078,
      -25.72138023376465,
      -31.609371185302734,
      -31.95562744140625,
      -24.893220901489258,
      -18.50387191772461,
      -19.470077514648438,
      -27.696643829345703,
      -36.39936447143555,
      -33.4122200012207,
      -23.2313175201416,
      -14.954529762268066,
      -17.399429321289062,
      -22.234689712524414,
      -21.080360412597656,
      -7.730466842651367,
      -3.9881949424743652,
      -2.1318092346191406,
      -2.1827821731567383,
      -3.872565269470215
    ],
    [
      -2.714709520339966,
      4.2499213218688965,
      13.052703857421875,
      10.046607971191406,
      2.4814562797546387,
      -2.206467628479004,
      -4.5159478187561035,
      -20.97216796875,
      -28.984886169433594,
      -19.768970489501953,
      -14.259183883666992,
      -21.066059112548828,
      -25.157997131347656,
      -21.877866744995117,
      -17.276599884033203,
      -13.231512069702148,
      -11.268404006958008,
      -15.789030075073242,
      -18.12984275817871,
      -20.701313018798828,
      -14.155710220336914,
      1.9827375411987305,
      10.355280876159668,
      18.425296783447266,
      12.958890914916992,
      7.51907205581665
    ],
    [
      -6.918219566345215,
      -7.985238552093506,
      -9.230234146118164,
      -6.683140754699707,
      -2.2904107570648193,
      -1.9763391017913818,
      -1.2286105155944824,
      -14.104910850524902,
      -20.59449005126953,
      -16.05992317199707,
      -19.537078857421875,
      -23.922807693481445,
      -21.366214752197266,
      -23.81713104248047,
      -28.506362915039062,
      -25.900901794433594,
      -22.87835693359375,
      -25.95003890991211,
      -19.73526382446289,
      -22.960975646972656,
      -20.530502319335938,
      -0.8163347244262695,
      -1.8552515506744385,
      -9.711698532104492,
      -12.974563598632812,
      -10.537196159362793
    ],
    [
      5.072934627532959,
      1.9807156324386597,
      1.1157946586608887,
      3.8022258281707764,
      6.099031448364258,
      0.009620070457458496,
      -0.8673226833343506,
      -11.599906921386719,
      -10.260235786437988,
      -8.798076629638672,
      -13.791838645935059,
      -11.248950958251953,
      -12.21375846862793,
