{
  "question_id": 0,
  "text": "smile",
  "mfcc": [
    [
      -333.0785217285156,
      -240.34060668945312,
      -202.8912811279297,
      -185.6232147216797,
      -175.84616088867188,
      -168.24302673339844,
      -155.00582885742188,
      -138.78321838378906,
      -164.85928344726562,
      -174.68724060058594,
      -98.6142349243164,
      -53.72175598144531,
      -56.02988815307617,
      -69.42879486083984,
      -54.746707916259766,
      -45.40339660644531,
      -39.11698532104492,
      -28.165023803710938,
      -24.633956909179688,
      -25.244516372680664,
      -27.274906158447266,
      -26.6346492767334,
      -27.76864242553711,
      -48.6672248840332,
      -89.59893798828125,
      -132.95745849609375,
      -188.25906372070312,
      -260.0825500488281,
      -320.1800231933594,
      -384.48370361328125,
      -468.9739685058594
    ],
    [
      -63.30804443359375,
      -96.73478698730469,
      -109.3431625366211,
      -112.99917602539062,
      -109.37234497070312,
      -105.7403793334961,
      -102.27583312988281,
      -43.92695617675781,
      49.038177490234375,
      128.146484375,
      172.03829956054688,
      171.27069091796875,
      140.57843017578125,
      116.42291259765625,
      121.35870361328125,
      124.79046630859375,
      126.97711944580078,
      133.90957641601562,
      138.3555145263672,
      130.54640197753906,
      124.86141204833984,
      122.7695083618164,
      132.23724365234375,
      152.23178100585938,
      166.16189575195312,
      164.4583740234375,
      164.11050415039062,
      155.11781311035156,
      135.8887481689453,
      127.07447814941406,
      96.0224838256836
    ],
    [
      31.23569679260254,
      42.29894256591797,
      46.03850555419922,
      41.72759246826172,
      39.676631927490234,
      40.00927734375,
      40.749122619628906,
      62.94744873046875,
      58.81256103515625,
      3.72882080078125,
      -29.083223342895508,
      -44.24436569213867,
      -52.72962951660156,
      -54.840328216552734,
      -58.74760437011719,
      -61.920921325683594,
      -57.6766357421875,
      -59.95138168334961,
      -67.08499908447266,
      -63.769874572753906,
      -54.80732345581055,
      -52.97703552246094,
      -56.37053680419922,
      -55.38944625854492,
      -41.07331848144531,
      -8.68329906463623,
      28.499221801757812,
      59.025081634521484,
      52.74961853027344,
      35.771514892578125,
      32.671173095703125
    ],
    [
      24.167192459106445,
      16.636133193969727,
      5.495411396026611,
      -5.124076843261719,
      -12.097965240478516,
      -11.867424011230469,
      -1.1397130489349365,
      26.19525146484375,
      29.07588005065918,
      15.561657905578613,
      11.346957206726074,
      13.848407745361328,
      10.020140647888184,
      4.12949275970459,
      -9.024005889892578,
      -14.490457534790039,
      -20.030553817749023,
      -19.0216064453125,
      -15.335918426513672,
      -8.168681144714355,
      6.837790012359619,
      4.887369632720947,
      -3.2988064289093018,
      -9.078363418579102,
      -6.33563756942749,
      -2.5211904048919678,
      -12.613844871520996,
      -14.504180908203125,
      -6.242825508117676,
      -10.673320770263672,
      -8.453811645507812
    ],
    [
      -4.831414222717285,
      -6.203352928161621,
      -18.272397994995117,
      -13.717973709106445,
      -0.5288552045822144,
      -0.7636042237281799,
      -6.152370929718018,
      2.1932311058044434,
      6.370805263519287,
      29.815658569335938,
      -0.8564013838768005,
      -18.411911010742188,
      -24.68560028076172,
      -23.672439575195312,
      -27.778926849365234,
      -31.080997467041016,
      -34.94447708129883,
      -32.838504791259766,
      -21.50984001159668,
      -10.322868347167969,
      0.8725184798240662,
      2.47645902633667,
      -4.665943145751953,
      -18.221847534179688,
      -32.093196868896484,
      -43.193641662597656,
      -45.034976959228516,
      -30.13016700744629,
      -18.190765380859375,
      -10.155399322509766,
      -17.358943939208984
    ],
    [
      21.29248046875,
      21.802106857299805,
      18.085674285888672,
      21.302043914794922,
      19.634376525878906,
      18.794307708740234,
      22.603395462036133,
      32.79042053222656,
      24.629878997802734,
      32.21949768066406,
      5.173192024230957,
      -7.648975372314453,
      -8.984451293945312,
      -8.317042350769043,
      -4.11461877822876,
      -2.8035318851470947,
      -2.479825258255005,
      3.693230152130127,
      7.6067280769348145,
      -1.2710912227630615,
      -11.26458740234375,
      -13.809560775756836,
      -8.278785705566406,
      -1.5879911184310913,
      -3.1305630207061768,
      -9.878517150878906,
      -5.645379066467285,
      -0.2551453113555908,
      -0.8579936027526855,
      -6.076263427734375,
      -13.741125106811523
    ],
    [
      -17.48596954345703,
      -22.75865936279297,
      -15.629335403442383,
      -12.993509292602539,
      -13.131389617919922,
      -13.664345741271973,
      -7.205041885375977,
      12.016054153442383,
      12.60781478881836,
      -2.719174385070801,
      0.12891992926597595,
      7.8887434005737305,
      16.292030334472656,
      27.9512996673584,
      31.72052764892578,
      35.52732849121094,
      34.84284591674805,
      21.504343032836914,
      -1.0265998840332031,
      -22.977581024169922,
      -32.633445739746094,
      -31.873699188232422,
      -23.100017547607422,
      -5.179696083068848,
      4.5017852783203125,
      4.2710065841674805,
      3.4306726455688477,
      1.5846368074417114,
      9.280773162841797,
      9.04694938659668,
      -4.320401191711426
    ],
    [
      -16.151382446289062,
      -13.58157730102539,
      -7.368369102478027,
      -10.487916946411133,
      -14.197992324829102,
      -16.587234497070312,
      -16.35885238647461,
      -17.048437118530273,
      -14.516164779663086,
      11.332271575927734,
      5.689581871032715,
      4.05422306060791,
      1.0559237003326416,
      -3.1162633895874023,
      -1.0878076553344727,
      -4.183304309844971,
      -4.650179386138916,
      -7.690997123718262,
      -8.565180778503418,
      -12.881019592285156,
      -10.692206382751465,
      -9.416153907775879,
      -13.9624662399292,
      -15.238021850585938,
      -3.3938839435577393,
      5.286725044250488,
      4.325430870056152,
      3.626964569091797,
      3.447413206100464,
      2.2931365966796875,
      5.037135124206543
    ],
    [
      -4.209237575531006,
      -2.488525629043579,
      -2.550605297088623,
      -10.302806854248047,
      -18.594419479370117,
      -14.534221649169922,
      -8.223431587219238,
      -15.543416023254395,
      -24.72768783569336,
      -26.689979553222656,
      -19.960487365722656,
      -15.816267967224121,
      -12.178781509399414,
      -13.771734237670898,
      -17.34416389465332,
      -14.796041488647461,
      -19.1633243560791,
      -24.267250061035156,
      -20.088760375976562,
      -5.862757682800293,
      4.340689659118652,
      5.870821475982666,
      3.672508716583252,
      2.59254789352417,
      2.316556930541992,
      5.587405204772949,
      9.457091331481934,
      21.09482192993164,
      19.459835052490234,
      16.759204864501953,
      5.500986099243164
    ],
    [
      -0.863750696182251,
      -2.9530415534973145,
      1.113039493560791,
      1.4538066387176514,
      -4.75650691986084,
      -4.196993827819824,
      2.008725166320801,
      -2.9504055976867676,
      -19.78483009338379,
      -28.97266387939453,
      -21.87654685974121,
      -15.29690933227539,
      -10.685843467712402,
      -5.442087173461914,
      -2.7275002002716064,
      -2.806243896484375,
      2.927884817123413,
      9.987679481506348,
      13.617476463317871,
      7.685662746429443,
      5.800147533416748,
