{
  "question_id": 0,
  "text": "spoon",
  "mfcc": [
    [
      -309.2174377441406,
      -214.33328247070312,
      -175.801025390625,
      -173.4483642578125,
      -180.2381591796875,
      -181.33676147460938,
      -164.24942016601562,
      -171.1383819580078,
      -267.6986389160156,
      -393.1493835449219,
      -292.4388732910156,
      -179.25680541992188,
      -159.69009399414062,
      -178.62417602539062,
      -205.86778259277344,
      -202.5011749267578,
      -161.26974487304688,
      -135.339599609375,
      -112.12249755859375,
      -104.99897003173828,
      -115.1687240600586,
      -119.54397583007812,
      -125.02225494384766,
      -140.13046264648438,
      -167.83522033691406,
      -201.83563232421875,
      -215.66983032226562,
      -227.98043823242188,
      -242.0137939453125,
      -271.0291748046875,
      -281.9909362792969,
      -294.65765380859375,
      -338.7646484375,
      -383.21466064453125,
      -424.74267578125,
      -483.42388916015625
    ],
    [
      -2.2671396732330322,
      -36.84242248535156,
      -65.548828125,
      -86.69902038574219,
      -98.58180236816406,
      -103.77445983886719,
      -100.83287048339844,
      -83.33808898925781,
      -53.66807556152344,
      4.171743392944336,
      66.81776428222656,
      152.48599243164062,
      182.09475708007812,
      194.95211791992188,
      183.6222381591797,
      161.462646484375,
      146.03826904296875,
      129.69390869140625,
      137.05416870117188,
      151.46575927734375,
      161.1652069091797,
      166.19216918945312,
      175.30606079101562,
      178.68951416015625,
      164.59735107421875,
      152.01861572265625,
      150.08245849609375,
      145.9876708984375,
      143.31967163085938,
      138.5283203125,
      128.23654174804688,
      127.55128479003906,
      123.92284393310547,
      103.71047973632812,
      78.34529113769531,
      29.90806770324707
    ],
    [
      12.091974258422852,
      13.41247844696045,
      8.563075065612793,
      7.856067657470703,
      16.391399383544922,
      24.06443977355957,
      36.021018981933594,
      34.38260269165039,
      27.996976852416992,
      35.027503967285156,
      4.436941146850586,
      4.111992835998535,
      -10.770244598388672,
      -29.351865768432617,
      -21.805809020996094,
      -1.2371890544891357,
      4.140456199645996,
      3.083515167236328,
      2.696326494216919,
      -3.1581950187683105,
      -4.500829696655273,
      -4.266074180603027,
      -17.40179443359375,
      -18.683372497558594,
      -17.375476837158203,
      -20.817943572998047,
      -18.97364044189453,
      -12.888306617736816,
      -4.30731725692749,
      10.312909126281738,
      6.056110382080078,
      1.7768442630767822,
      2.3265328407287598,
      3.311241865158081,
      13.404952049255371,
      21.980377197265625
    ],
    [
      -8.82078742980957,
      -14.176109313964844,
      -15.422051429748535,
      -11.050487518310547,
      -15.627571105957031,
      -22.12586212158203,
      -4.045587062835693,
      16.981769561767578,
      34.52094650268555,
      9.005706787109375,
      20.273345947265625,
      8.413396835327148,
      8.846952438354492,
      12.33829116821289,
      8.971214294433594,
      25.355411529541016,
      32.0876350402832,
      34.5578498840332,
      32.16953659057617,
      31.167552947998047,
      35.070281982421875,
      33.063140869140625,
      17.603248596191406,
      5.522115707397461,
      21.750560760498047,
      40.489437103271484,
      42.182437896728516,
      43.514015197753906,
      41.672088623046875,
      40.04429626464844,
      35.92646789550781,
      27.4132137298584,
      15.037307739257812,
      -2.6670405864715576,
      -4.134110450744629,
      16.541431427001953
    ],
    [
      -7.042722225189209,
      -7.364339828491211,
      -6.198439598083496,
      -3.164000988006592,
      9.65884780883789,
      16.210290908813477,
      8.701301574707031,
      7.165598392486572,
      2.4606006145477295,
      -3.43084716796875,
      16.386489868164062,
      0.5517284870147705,
      0.13032078742980957,
      0.9135267734527588,
      -0.7997097373008728,
      -26.322635650634766,
      -33.722286224365234,
      -26.086475372314453,
      -22.652795791625977,
      -17.33680534362793,
      -13.308517456054688,
      -13.684591293334961,
      -16.27768325805664,
      7.0150556564331055,
      23.88957977294922,
      34.61286163330078,
      46.07489013671875,
      51.50822830200195,
      50.97454071044922,
      51.211429595947266,
      42.249908447265625,
      36.98216247558594,
      34.0786247253418,
      27.72759437561035,
      18.350847244262695,
      13.591081619262695
    ],
    [
      13.419944763183594,
      10.727521896362305,
      6.985269546508789,
      4.987143516540527,
      4.731685638427734,
      3.7161521911621094,
      6.89204216003418,
      15.916631698608398,
      20.199073791503906,
      20.331501007080078,
      15.228456497192383,
      -8.046070098876953,
      -20.74611473083496,
      -30.431659698486328,
      -33.65160369873047,
      -23.874977111816406,
      -12.089231491088867,
      -6.915637016296387,
      -10.414433479309082,
      -12.352923393249512,
      -13.31187629699707,
      -13.46059513092041,
      -6.412476539611816,
      2.6433560848236084,
      14.227569580078125,
      22.70478630065918,
      23.898578643798828,
      21.69695281982422,
      23.583261489868164,
      26.422443389892578,
      23.741785049438477,
      16.163028717041016,
      17.267959594726562,
      22.972694396972656,
      24.45431137084961,
      8.494745254516602
    ],
    [
      -22.395526885986328,
      -22.918148040771484,
      -15.39257526397705,
      -16.626991271972656,
      -15.837790489196777,
      -7.951232433319092,
      -1.9015655517578125,
      11.056424140930176,
      13.467321395874023,
      -7.707216262817383,
      5.226081371307373,
      8.027563095092773,
      9.870349884033203,
      17.943933486938477,
      25.248043060302734,
      -1.0972859859466553,
      -18.030982971191406,
      -20.752073287963867,
      -26.645740509033203,
      -27.803531646728516,
      -23.73923110961914,
      -21.02517318725586,
      -8.539703369140625,
      -5.152556419372559,
      -4.7017951011657715,
      -9.157191276550293,
      -7.213730812072754,
      -9.538923263549805,
      -10.339313507080078,
      -12.939594268798828,
      -8.846027374267578,
      -8.132709503173828,
      -4.860550403594971,
      -1.466063141822815,
      2.112778663635254,
      0.6310322880744934
    ],
    [
      -17.81960105895996,
      -12.094904899597168,
      -5.449650764465332,
      -4.620743274688721,
      -7.488499641418457,
      -7.267689228057861,
      -7.89848518371582,
      -11.672224044799805,
      -12.843218803405762,
      -1.8879272937774658,
      -8.21530818939209,
      -6.192195415496826,
      -0.08371227979660034,
      2.968254566192627,
      6.5267534255981445,
      -2.5560696125030518,
      -2.108482837677002,
      -7.907186985015869,
      -14.414986610412598,
      -20.124340057373047,
      -24.883251190185547,
      -18.832134246826172,
      -4.715450286865234,
      0.8662394881248474,
      -5.16428804397583,
      -6.105283737182617,
      -5.548849105834961,
      -5.396191596984863,
      -6.077426433563232,
      -6.414610862731934,
      1.909817099571228,
      5.9501519203186035,
      -7.832417011260986,
      -12.381265640258789,
      -13.684680938720703,
      -5.124355316162109
    ],
    [
      -9.178802490234375,
      -11.54954719543457,
      -18.68834686279297,
      -19.53834342956543,
      -12.586538314819336,
      -6.692180633544922,
      -3.5884909629821777,
      -3.733924388885498,
      -4.911969184875488,
      -7.525651931762695,
      -26.897228240966797,
      -25.638126373291016,
      -26.682464599609375,
