{
  "question_id": 0,
  "text": "window",
  "mfcc": [
    [
      -372.2868347167969,
      -235.0956573486328,
      -108.29216766357422,
      -49.1104850769043,
      -39.52975845336914,
      -59.480804443359375,
      -98.75494384765625,
      -151.9628448486328,
      -170.3157501220703,
      -160.38047790527344,
      -162.09849548339844,
      -169.6267547607422,
      -193.93040466308594,
      -202.24026489257812,
      -107.25129699707031,
      -56.53407287597656,
      -51.471763610839844,
      -75.48873138427734,
      -110.8563461303711,
      -134.82269287109375,
      -151.8447723388672,
      -181.35646057128906,
      -209.15835571289062,
      -238.21697998046875,
      -265.1820068359375,
      -277.42462158203125,
      -272.5687561035156,
      -293.6092834472656,
      -339.44537353515625,
      -393.9117126464844,
      -469.8179931640625
    ],
    [
      169.90005493164062,
      197.31195068359375,
      170.49264526367188,
      135.1070098876953,
      99.783935546875,
      81.28881072998047,
      96.43362426757812,
      112.01494598388672,
      108.2520751953125,
      120.87606048583984,
      128.42770385742188,
      137.5894775390625,
      148.29913330078125,
      131.71365356445312,
      124.50341796875,
      135.67141723632812,
      145.23394775390625,
      158.14938354492188,
      173.26446533203125,
      183.80752563476562,
      184.80926513671875,
      186.01913452148438,
      184.90585327148438,
      178.35671997070312,
      172.05613708496094,
      173.90679931640625,
      168.66976928710938,
      154.4556884765625,
      137.1516876220703,
      116.85199737548828,
      61.432315826416016
    ],
    [
      83.63899993896484,
      27.52112579345703,
      -16.42184829711914,
      -41.19347381591797,
      -48.31671905517578,
      -39.856178283691406,
      -32.1160774230957,
      -18.103382110595703,
      -8.249406814575195,
      -11.619856834411621,
      -8.280559539794922,
      2.7823917865753174,
      14.519845962524414,
      14.028944969177246,
      -8.402579307556152,
      -21.811843872070312,
      -30.38720703125,
      -32.049163818359375,
      -29.875980377197266,
      -34.250770568847656,
      -34.22092056274414,
      -26.788963317871094,
      -13.528280258178711,
      2.3429667949676514,
      24.808740615844727,
      40.658687591552734,
      31.528335571289062,
      19.956331253051758,
      10.339262008666992,
      7.905463218688965,
      20.030712127685547
    ],
    [
      22.63831329345703,
      3.618349313735962,
      -5.691288471221924,
      8.291183471679688,
      29.640085220336914,
      40.448707580566406,
      35.45616149902344,
      34.187583923339844,
      37.52165985107422,
      27.09032440185547,
      19.566726684570312,
      17.845293045043945,
      23.536911010742188,
      59.5615234375,
      56.451683044433594,
      38.102027893066406,
      18.04193115234375,
      2.362396240234375,
      -10.299736022949219,
      -18.655014038085938,
      -15.755117416381836,
      -7.42459774017334,
      2.3177521228790283,
      7.970993995666504,
      10.139898300170898,
      2.3849267959594727,
      -15.53305435180664,
      -22.17361831665039,
      -22.139917373657227,
      -25.800437927246094,
      -7.393963813781738
    ],
    [
      -14.091878890991211,
      -20.260238647460938,
      5.983269691467285,
      16.997825622558594,
      15.646780967712402,
      17.15326690673828,
      31.95973777770996,
      30.50942039489746,
      22.230125427246094,
      15.533628463745117,
      9.954428672790527,
      7.8217267990112305,
      12.584278106689453,
      14.527074813842773,
      16.623729705810547,
      6.738661766052246,
      -2.1600654125213623,
      -3.6247527599334717,
      -3.532435894012451,
      -4.154450416564941,
      -13.242382049560547,
      -22.36703109741211,
      -26.705413818359375,
      -37.703487396240234,
      -37.107154846191406,
      -32.9727668762207,
      -26.778621673583984,
      -15.680256843566895,
      -6.747052192687988,
      -10.370233535766602,
      -8.307018280029297
    ],
    [
      -17.10530662536621,
      -14.385660171508789,
      -0.29728350043296814,
      0.2771349549293518,
      -5.889877796173096,
      -14.522504806518555,
      -12.823678970336914,
      2.726700782775879,
      15.562259674072266,
      14.956782341003418,
      9.17724609375,
      8.829120635986328,
      13.566441535949707,
      -7.602138519287109,
      -18.776540756225586,
      -12.157196044921875,
      -8.710205078125,
      -2.4336462020874023,
      -2.1023974418640137,
      -9.248504638671875,
      -12.373580932617188,
      -12.386890411376953,
      -16.168733596801758,
      -15.879585266113281,
      -16.973325729370117,
      -14.878198623657227,
      -1.5286046266555786,
      7.595054626464844,
      6.828253746032715,
      6.546995639801025,
      3.141857147216797
    ],
    [
      -6.098203659057617,
      8.994030952453613,
      -4.6044769287109375,
      -20.250722885131836,
      -34.25660705566406,
      -39.68905258178711,
      -40.54412078857422,
      -31.751441955566406,
      -13.076470375061035,
      -8.563186645507812,
      -8.639922142028809,
      -12.047870635986328,
      -11.628057479858398,
      7.956969261169434,
      -20.532352447509766,
      -36.055702209472656,
      -35.26258087158203,
      -22.574329376220703,
      -12.448301315307617,
      -9.892850875854492,
      -7.808806419372559,
      -6.75917911529541,
      -2.5187323093414307,
      -0.5558437705039978,
      -6.901833534240723,
      -7.983952522277832,
      -5.332303047180176,
      1.1033716201782227,
      9.984359741210938,
      13.825216293334961,
      9.039777755737305
    ],
    [
      -6.2725443840026855,
      -6.227056980133057,
      -17.96343994140625,
      -19.231388092041016,
      -10.71048641204834,
      -2.4442667961120605,
      -9.443211555480957,
      -21.630836486816406,
      -18.469562530517578,
      -20.846298217773438,
      -19.853981018066406,
      -20.691570281982422,
      -19.778606414794922,
      -13.20878791809082,
      -30.257436752319336,
      -35.96356964111328,
      -36.0070686340332,
      -36.401466369628906,
      -25.85051155090332,
      -10.419706344604492,
      -1.1708554029464722,
      5.118047714233398,
      6.833238124847412,
      9.342280387878418,
      8.010553359985352,
      3.4984130859375,
      9.291208267211914,
      12.795104026794434,
      15.575241088867188,
      13.819740295410156,
      3.75602388381958
    ],
    [
      -6.06467342376709,
      -23.791851043701172,
      -34.61766815185547,
      -27.19742774963379,
      -23.45985221862793,
      -23.306713104248047,
      -23.372787475585938,
      -12.033197402954102,
      -9.27287483215332,
      -10.163204193115234,
      -7.342896461486816,
      -6.00643253326416,
      -9.722877502441406,
      -31.16835594177246,
      -38.829261779785156,
      -31.594629287719727,
      -18.582103729248047,
      -8.865795135498047,
      -6.308832168579102,
      -3.9095077514648438,
      -2.899665117263794,
      -0.6265060901641846,
      -1.6121928691864014,
      2.6063337326049805,
      4.441311836242676,
      7.5320634841918945,
      7.120954513549805,
      3.7796807289123535,
      3.3818180561065674,
      -3.553724765777588,
      -6.518625259399414
    ],
    [
      -9.949087142944336,
      -24.95816993713379,
      -24.81662368774414,
      -23.53269386291504,
      -21.246936798095703,
      -25.39775276184082,
      -23.551929473876953,
      -23.321191787719727,
      -20.2672119140625,
      -19.468978881835938,
      -24.809661865234375,
      -34.766666412353516,
      -40.078914642333984,
      -11.138860702514648,
      1.0921809673309326,
      1.8671951293945312,
      3.2312183380126953,
      -2.869375228881836,
      -19.946773529052734,
      -35.75953674316406,
      -36.486114501953125,
